Id,SalePrice
1,153859.0625
2,131409.234375
3,254896.328125
4,270343.3125
5,183602.171875
6,168562.109375
7,175919.984375
8,141981.78125
9,219059.53125
10,163068.96875
11,135504.53125
12,173831.328125
13,171452.375
14,116654.9375
15,275102.0625
16,245893.5625
17,198278.015625
18,178600.546875
19,185221.796875
20,183249.65625
21,135638
22,120069.3828125
23,131611.296875
24,311494.03125
25,148974.640625
26,164823.515625
27,192397.609375
28,209638.734375
29,236856.9375
30,139254.171875
31,159294.15625
32,158741.734375
33,178115.8125
34,195811.859375
35,180567.96875
36,178847.34375
37,179187.84375
38,178253.78125
39,234879.546875
40,148977
41,207400.8125
42,239660.265625
43,176607.546875
44,256624.640625
45,172021.84375
46,155242.296875
47,171636.53125
48,166660.953125
49,146470.890625
50,170548.203125
51,212316.015625
52,131226.625
53,220504.71875
54,145064.984375
55,217202.390625
56,175732.359375
57,240570.640625
58,138695.59375
59,231352.4375
60,150543.5625
61,209501.078125
62,136838.109375
63,175601.5
64,184941.46875
65,95867.921875
66,171854.53125
67,164678.953125
68,179273.9375
69,122570.1328125
70,111564.359375
71,158817.25
72,183291.34375
73,162369.09375
74,190202.4375
75,218107.609375
76,150943.140625
77,166297.109375
78,159634.359375
79,192366.015625
80,214941.109375
81,209019.609375
82,169184.640625
83,179805.484375
84,195919.6875
85,169429.859375
86,200178.453125
87,125911.5703125
88,199984.46875
89,123644.96875
90,174949.640625
91,193619.75
92,236366.703125
93,178012.109375
94,179887.703125
95,188352.25
96,175622.609375
97,131131.359375
98,222673.453125
99,195513.953125
100,137375.890625
101,143851.234375
102,145820.21875
103,189487.640625
104,228568.96875
105,174491.859375
106,178372.453125
107,210350.90625
108,199214.875
109,208875.0625
110,139368.390625
111,179871.296875
112,165178.0625
113,147667.921875
114,140938.703125
115,177248.734375
116,247204.3125
117,159256.609375
118,127160.8828125
119,367787.5625
120,175426.609375
121,190315.109375
122,170636.953125
123,171082.453125
124,159517.375
125,215916.4375
126,177741.6875
127,262344.09375
128,132558.859375
129,235879.828125
130,271949.53125
131,160957.265625
132,186742.96875
133,175175.28125
134,143958.921875
135,132495.015625
136,198203.46875
137,204348.015625
138,217974.0625
139,188672.296875
140,201432.734375
141,140098.265625
142,172990.953125
143,218750.5
144,154686.40625
145,160191.375
146,221958.328125
147,217734
148,175396.515625
149,172498
150,155454.265625
151,125285.7578125
152,198521.921875
153,189640.40625
154,321750.59375
155,189004.71875
156,152807.625
157,167076.671875
158,151731.796875
159,152328.6875
160,180516.46875
161,170888.21875
162,199226.96875
163,168226.296875
164,276891.59375
165,149875.90625
166,214754.90625
167,147937.453125
168,151662.078125
169,167415.234375
170,158914.484375
171,167469.671875
172,144878.21875
173,162537.828125
174,283590.15625
175,125554.3984375
176,185558.9375
177,190694.609375
178,164902.15625
179,164430.640625
180,145252.25
181,207558.03125
182,193537.890625
183,160602.734375
184,183329.6875
185,157375.625
186,174070.734375
187,184961.9375
188,154806.1875
189,113604.5
190,188290.515625
191,273477.15625
192,140444.90625
193,192556.40625
194,145843.703125
195,160293.15625
196,125237.9140625
197,177740.734375
198,168249.421875
199,179048.84375
200,155640.359375
201,196599.4375
202,179112.890625
203,260575.25
204,146950.75
205,160794.890625
206,142602.15625
207,138367.015625
208,149082.9375
209,234280.28125
210,156789.859375
211,164122.09375
212,122993.0625
213,197841.78125
214,211785.9375
215,167627.828125
216,226179.65625
217,131041.28125
218,171727.203125
219,217599.921875
220,149503.6875
221,224984.515625
222,152296.484375
223,131537.265625
224,181010.78125
225,181002.515625
226,199408.875
227,138233.84375
228,159400.609375
229,143681.71875
230,177912.140625
231,148043.578125
232,116039.2578125
233,136888.765625
234,136715.125
235,192082.375
236,135938.546875
237,118515.0390625
238,185830.15625
239,245738.453125
240,188358.109375
241,154618.96875
242,207587.3125
243,167739.953125
244,148528.25
245,148921.34375
246,115919.046875
247,287134.34375
248,126280.2421875
249,150898.21875
250,196130.25
251,175469.640625
252,215746.96875
253,176240.296875
254,126635.953125
255,139433.84375
256,148455.25
257,283866.125
258,107517.3203125
259,150321.1875
260,176250.734375
261,117704.4921875
262,142999.046875
263,154049.25
264,182092.65625
265,130931.6953125
266,109606.4609375
267,124718.375
268,182150.171875
269,188712.234375
270,143525.65625
271,142232.359375
272,139091.6875
273,157629.390625
274,93206.5859375
275,240793.140625
276,209979.859375
277,115189.7734375
278,190114.15625
279,202390.640625
280,232818.890625
281,129262.5546875
282,239709.453125
283,178411.640625
284,175583.625
285,225528.421875
286,160099.109375
287,174298.828125
288,136457.03125
289,193420.515625
290,184863.90625
291,148348.3125
292,186977.703125
293,169250.03125
294,144045.625
295,122529.546875
296,139709.84375
297,288942.34375
298,135132.34375
299,177749.3125
300,151168.125
301,198009.125
302,189873.75
303,149437.75
304,217162.375
305,150469.796875
306,171525.046875
307,128313.140625
308,279980.65625
309,148287.65625
310,132543.484375
311,201159.984375
312,154226.71875
313,133321.234375
314,134132.328125
315,210754.96875
316,187986.546875
317,180178.703125
318,170191.203125
319,166842.359375
320,138622.5625
321,141604.859375
322,290782.78125
323,107556.0703125
324,192327.546875
325,162108.15625
326,177096.40625
327,226147.1875
328,207360.296875
329,191503.765625
330,191030.96875
331,118905.3984375
332,126466.3671875
333,132771.59375
334,183543.9375
335,175437.484375
336,139113.96875
337,201713.90625
338,119821.578125
339,168487.546875
340,206503.0625
341,122282.46875
342,220662.203125
343,233700.328125
344,172258.609375
345,109660.015625
346,148705.75
347,136558.125
348,167378.03125
349,186992.484375
350,131177.5
351,155442.109375
352,134732.78125
353,194365.8125
354,155265.96875
355,128533.8046875
356,178311.34375
357,231312.171875
358,137399.421875
359,138805.359375
360,119857.65625
361,170351.828125
362,140539.1875
363,181076.078125
364,166926.59375
365,125729.9140625
366,222103.75
367,180569.140625
368,175965.296875
369,156496.8125
370,265638.0625
371,191928.625
372,194165.328125
373,197165.609375
374,190758.96875
375,164291.765625
376,164213.59375
377,139741.53125
378,171261.21875
379,198097.109375
380,185334.4375
381,104852.484375
382,174335.96875
383,252877.53125
384,152543.125
385,197049.390625
386,225211.40625
387,110327.1015625
388,162217.375
389,180377.734375
390,126395.0078125
391,134824.609375
392,154538.09375
393,191622.171875
394,189406.796875
395,131029.1796875
396,151655.265625
397,138029.734375
398,148444.203125
399,168309.34375
400,146230.09375
401,152358
402,170125.9375
403,146471.890625
404,152652.109375
405,118532.1015625
406,150414.765625
407,119971.2265625
408,194023.421875
409,136812.65625
410,139284.65625
411,132759.140625
412,206010.828125
413,167699.890625
414,196847.390625
415,177494.3125
416,162320.96875
417,149124.765625
418,184652.859375
419,139374.375
420,160912.09375
421,147295.734375
422,194862.40625
423,189259.78125
424,205945.875
425,141698.65625
426,178873.515625
427,215027.28125
428,154277.46875
429,209036.21875
430,166046.765625
431,143079.40625
432,133665.1875
433,163812.609375
434,205183.828125
435,168887.484375
436,159781.140625
437,140241.890625
438,160304.203125
439,171783.703125
440,108863.9921875
441,145183.875
442,133437.5
443,222953.40625
444,145909.015625
445,207400.046875
446,220763.65625
447,212136.71875
448,199769.21875
449,138512.609375
450,135381.59375
451,161476.28125
452,131067.9765625
453,151032.21875
454,154536.71875
455,159864.890625
456,252333.59375
457,197604.296875
458,147117.828125
459,246126.21875
460,163738.8125
461,185188.265625
462,236402.515625
463,149523.546875
464,181818.34375
465,181927.765625
466,205665.015625
467,156402.390625
468,192344.96875
469,158833.21875
470,223245.921875
471,177377.875
472,180127.921875
473,202052.203125
474,104172.578125
475,205523.4375
476,135720.8125
477,153179.640625
478,172382.765625
479,197629.265625
480,210251.421875
481,168781.6875
482,122097.0703125
483,169627.640625
484,210611.171875
485,153729.65625
486,229383.515625
487,132104.890625
488,158892.984375
489,110473.796875
490,171243.078125
491,172365.765625
492,132163.390625
493,193302.75
494,118224.3125
495,165390.25
496,168910.578125
497,179086.578125
498,208486.984375
499,117368.453125
500,159146.328125
501,185268.5625
502,134668.75
503,200256.140625
504,210435.015625
505,221071.828125
506,176651.4375
507,241081.21875
508,134781.90625
509,240563.3125
510,179070.40625
511,192209.171875
512,129459.640625
513,220040.5625
514,205128.828125
515,252864.5
516,171447.375
517,153774.484375
518,157957.828125
519,150392.796875
520,193022.84375
521,138920.015625
522,138958.484375
523,225944.28125
524,158683.5
525,182718.859375
526,153918.125
527,226025.75
528,206508.328125
529,195961.8125
530,147264.796875
531,200994.390625
532,172407.109375
533,179327.421875
534,222260.203125
535,182501.40625
536,214754.90625
537,229447.796875
538,96662.3125
539,144159.90625
540,139340.625
541,157341.046875
542,152942.1875
543,158860.03125
544,139592.65625
545,192167.453125
546,176018.53125
547,126704.453125
548,129973.8671875
549,143820.265625
550,182487.671875
551,138435.390625
552,211226.46875
553,170080.5
554,191231.59375
555,236974.0625
556,230236.734375
557,121379.578125
558,132951.0625
559,129621.140625
560,165392.28125
561,111356.0546875
562,249499.34375
563,210292.171875
564,206508.9375
565,231777.453125
566,152033.140625
567,162269.0625
568,223809.984375
569,157217.96875
570,115619.6171875
571,162505.6875
572,152158.859375
573,185763.296875
574,142756.984375
575,193229.3125
576,174159.484375
577,189527.140625
578,114145.046875
579,151991.03125
580,136713.90625
581,216194.125
582,145335.6875
583,178381.40625
584,243976.21875
585,229562.21875
586,212126.546875
587,137989.28125
588,149272.015625
589,244174.53125
590,251255.75
591,231266.390625
592,297642.84375
593,142190.609375
594,180484.875
595,231330.25
596,183842.484375
597,161018.671875
598,136460.21875
599,198048.84375
600,187650.921875
601,163711.640625
602,179094.953125
603,116235.875
604,125757.2578125
605,139237.90625
606,155021.921875
607,215849.828125
608,212890.921875
609,137444.171875
610,107980.1796875
611,132814
612,241553.34375
613,111369.6015625
614,197437
615,182357.484375
616,196650.9375
617,187067.140625
618,148571.578125
619,171238.984375
620,187047.78125
621,255740
622,185846.09375
623,123441.6796875
624,167358.890625
625,188701.453125
626,162987.390625
627,217586.734375
628,132499.84375
629,177745.890625
630,150551.453125
631,188368.09375
632,216163.015625
633,175003.59375
634,146281.53125
635,178225.75
636,174874.71875
637,170149.65625
638,124963.46875
639,254845.125
640,180917.640625
641,223989.953125
642,168317.28125
643,136840.09375
644,132736.671875
645,219188.515625
646,131561.203125
647,218081.015625
648,175035.265625
649,115674.5859375
650,180833.84375
651,125506.5078125
652,125356.7109375
653,143995.421875
654,219057.609375
655,175927.78125
656,137376.65625
657,151938.765625
658,152387.15625
659,166544.78125
660,148430.046875
661,177791.25
662,181624.265625
663,217499.328125
664,182299.203125
665,129318.25
666,179625.03125
667,170173.75
668,115085.3515625
669,113082.1328125
670,183678.828125
671,137875.859375
672,211866.015625
673,180704.5625
674,181686.359375
675,184229.40625
676,164744.109375
677,191222.546875
678,137545.578125
679,153320.953125
680,166045.796875
681,185871.796875
682,151375.359375
683,196871.8125
684,145836.703125
685,207168.609375
686,182448.890625
687,167184.09375
688,223322.5625
689,169703.25
690,156887.546875
691,137966.8125
692,222325.5625
693,175025.109375
694,181792.828125
695,163112.0625
696,132643.828125
697,142953.890625
698,206338.0625
699,168368.328125
700,180897.078125
701,212500.015625
702,222153.28125
703,129685.421875
704,138481.40625
705,161581.671875
706,208409.296875
707,203787.09375
708,114904.4140625
709,161557.359375
710,141016.078125
711,162438.796875
712,172627.984375
713,128803.1875
714,143450.25
715,190849.671875
716,177590.515625
717,134637.09375
718,172454.28125
719,172477.359375
720,141414.5625
721,147631.984375
722,166903.65625
723,154884.734375
724,133986.796875
725,158675.71875
726,146727.9375
727,149043.078125
728,227751.453125
729,223945.15625
730,179624.234375
731,148319.34375
732,187756.796875
733,138996.265625
734,185925.96875
735,156081.4375
736,184494.078125
737,158536.265625
738,151006.578125
739,189728.328125
740,111024.359375
741,142875.140625
742,205151.078125
743,184479.328125
744,182118.3125
745,174323.03125
746,125278.1796875
747,168496.875
748,220152.65625
749,164581.5
750,219014.125
751,249523.828125
752,204316.046875
753,172172.109375
754,199474.53125
755,297290.40625
756,170539.515625
757,199340.109375
758,145059.0625
759,181734.640625
760,150937.96875
761,201398.671875
762,239517.484375
763,239623.359375
764,191806.578125
765,246020.515625
766,167767.9375
767,107408.703125
768,263677.9375
769,154704.671875
770,186522.53125
771,177761.890625
772,187516.375
773,181175.109375
774,169163.53125
775,252493.140625
776,145764.921875
777,157661.890625
778,199500.296875
779,230014.234375
780,172443.28125
781,145992.5625
782,132182.90625
783,154135.015625
784,103799.4140625
785,152554.453125
786,157288.578125
787,186418.171875
788,180520.8125
789,180675.5625
790,191400.1875
791,123892.8984375
792,136674.890625
793,132813.546875
794,222674.140625
795,162972
796,170199.296875
797,128355.796875
798,163506.59375
799,173657.1875
800,156537.15625
801,173178.953125
802,142690.40625
803,152759.96875
804,150907.25
805,160631.25
806,195311.15625
807,145858.65625
808,147721.421875
809,211702.0625
810,149970.640625
811,115411.671875
812,203530.71875
813,150166.34375
814,249542.890625
815,229976.609375
816,213961.390625
817,350419.90625
818,171869.34375
819,189949.34375
820,229248.796875
821,141593.921875
822,145381.765625
823,179517.640625
824,258364.34375
825,211919.5625
826,219498.40625
827,171645.640625
828,134664.390625
829,173052.328125
830,168789.796875
831,147918.328125
832,167421.25
833,186967.21875
834,270930.03125
835,155035.640625
836,150726.953125
837,150930.140625
838,134894.265625
839,104771.859375
840,207961.515625
841,113851.546875
842,180573.625
843,129533.8046875
844,133245.59375
845,175046.515625
846,134356.03125
847,162214.734375
848,137690.09375
849,124815.609375
850,194178.671875
851,167599.546875
852,153378.9375
853,155188.15625
854,128306.6875
855,125383.59375
856,290621.8125
857,188251.96875
858,205028.25
859,212490.765625
860,193127.453125
861,181859.015625
862,188796.28125
863,301841.90625
864,195671.375
865,214686.8125
866,153306.609375
867,148224.453125
868,174967.6875
869,175928.21875
870,150796.40625
871,248670.828125
872,135416.96875
873,177527.65625
874,175022.1875
875,166621.78125
876,155947.8125
877,146397.171875
878,302152.84375
879,161713.71875
880,186578.5
881,221822.421875
882,154926.375
883,122626.9921875
884,106282.8515625
885,152019.125
886,192344.59375
887,247735.96875
888,171337.84375
889,190361.140625
890,230224.8125
891,115574.0078125
892,189550.84375
893,155258.515625
894,149839.96875
895,146263.390625
896,118789.203125
897,191601.984375
898,177957.25
899,145137.140625
900,174933.171875
901,189997.046875
902,116954.515625
903,184163.796875
904,292930.78125
905,171285.625
906,159481.078125
907,139156.8125
908,173203.765625
909,167886.515625
910,127726.203125
911,176263.265625
912,181106.3125
913,147573.953125
914,194612.109375
915,195251.359375
916,134038.890625
917,172799.9375
918,172881.390625
919,135697.15625
920,101588.4921875
921,247909.53125
922,285888.59375
923,178443.078125
924,153431.78125
925,196176.515625
926,172006.390625
927,141121.421875
928,196349.90625
929,194284.578125
930,138618.140625
931,109913.7890625
932,194489.296875
933,182674.4375
934,163157.203125
935,164780.875
936,170843.375
937,173818.9375
938,248815.4375
939,201104.0625
940,199476.625
941,202711.203125
942,253040.28125
943,198189.640625
944,215895.640625
945,187797.578125
946,166663.84375
947,143652.625
948,166090.09375
949,141069.859375
950,175895
951,186620.96875
952,221315.484375
953,133886.40625
954,207177.453125
955,180401.5625
956,135416.765625
957,169274.9375
958,144872.625
959,252447.703125
960,257005.984375
961,144126.5625
962,143450.5625
963,167399.140625
964,131707.921875
965,130129.921875
966,205823.9375
967,174107.640625
968,149875.375
969,136080.75
970,166350.6875
971,232683.078125
972,257380.765625
973,161786.421875
974,139521.140625
975,113778.046875
976,132095.671875
977,201398.234375
978,173634.53125
979,158011.09375
980,147756.46875
981,141873.625
982,164581.25
983,163409.3125
984,129664.9609375
985,107672.75
986,185728.25
987,216313.546875
988,144850.421875
989,185373.078125
990,231012.703125
991,174328.59375
992,147169.734375
993,204982.265625
994,169032.296875
995,155923.46875
996,162653.71875
997,167453.046875
998,146192.84375
999,172651.953125
1000,268169.09375
1001,215221.46875
1002,131340.734375
1003,130460.3828125
1004,107711.625
1005,166108.125
1006,161713.609375
1007,169716.734375
1008,143130.09375
1009,135594.171875
1010,176773.21875
1011,140978.421875
1012,181661.03125
1013,146688.96875
1014,134497.96875
1015,134881.21875
1016,159018.6875
1017,123245.953125
1018,183327.078125
1019,152455.765625
1020,189226.359375
1021,120066.078125
1022,179320.3125
1023,119842.7109375
1024,162315.734375
1025,188602.453125
1026,145859.375
1027,187023.75
1028,158904.359375
1029,157492.140625
1030,166959.578125
1031,219905.265625
1032,124173.640625
1033,179552.578125
1034,178551.90625
1035,151485.546875
1036,190199.390625
1037,227559.921875
1038,214236.4375
1039,149636.734375
1040,151329.6875
1041,240816.296875
1042,216249.421875
1043,201768.9375
1044,287739.90625
1045,184009.796875
1046,208337.859375
1047,177206.765625
1048,136894.125
1049,138844.484375
1050,172393.71875
1051,119518.9296875
1052,207140.171875
1053,171511.921875
1054,164688.28125
1055,141448.65625
1056,168733.4375
1057,171102.71875
1058,120083.671875
1059,181279.046875
1060,151764.171875
1061,166772.546875
1062,148768.8125
1063,169864.65625
1064,187668.734375
1065,241379.109375
1066,147401.75
1067,151118.609375
1068,151000.59375
1069,122272.640625
1070,137388.625
1071,103542.15625
1072,166872.78125
1073,118218.5234375
1074,154106.109375
1075,256360.234375
1076,167249.84375
1077,144632.625
1078,157284.9375
1079,120363.6640625
1080,174307.125
1081,184217.375
1082,158252.5
1083,133931.765625
1084,149362.25
1085,175824.984375
1086,135100.296875
1087,145344.1875
1088,173947.234375
1089,176795.890625
1090,151565.75
1091,253344.8125
1092,111610.8515625
1093,155861.5625
1094,215070.4375
1095,145744.15625
1096,237746.296875
1097,194090.359375
1098,212859.171875
1099,127577.46875
1100,183369.671875
1101,128102.5625
1102,160463.9375
1103,162293.78125
1104,168446.71875
1105,187215.5625
1106,168290.875
1107,224419.8125
1108,126835.8671875
1109,123455.5546875
1110,180345.96875
1111,167523.765625
1112,180096.359375
1113,240707.3125
1114,165558.796875
1115,133192.328125
1116,137935.390625
1117,266493.25
1118,171463.59375
1119,146925.890625
1120,98721.8515625
1121,235324.84375
1122,188010.828125
1123,186409.078125
1124,237348.515625
1125,201798.421875
1126,166726.015625
1127,158468.609375
1128,156506.328125
1129,244455.234375
1130,169313.921875
1131,138679.625
1132,159132.40625
1133,144953.96875
1134,152495.921875
1135,136286.75
1136,179969.375
1137,193973.25
1138,158003.140625
1139,156983.953125
1140,150905.265625
1141,168620.140625
1142,139191.46875
1143,122281.4609375
1144,211238.921875
1145,147183.328125
1146,281951.15625
1147,148718.6875
1148,151632.578125
1149,253544.1875
1150,131831.90625
1151,129035.6875
1152,149125.671875
1153,130925.8203125
1154,137340.328125
1155,159543.5
1156,218463.546875
1157,129910.140625
1158,181559.234375
1159,156293.125
1160,140417.875
1161,142824.46875
1162,122243.015625
1163,226951.765625
1164,204178.90625
1165,147368.90625
1166,181615.34375
1167,188571.171875
1168,196538.578125
1169,176499.390625
1170,211175.921875
1171,162326.578125
1172,167222.671875
1173,160950.875
1174,212733
1175,222915.828125
1176,211115.71875
1177,153284.03125
1178,129477.1953125
1179,187126.796875
1180,155581.953125
1181,137388.984375
1182,188553.140625
1183,160636.078125
1184,170365.84375
1185,255495.75
1186,105391.0703125
1187,248584.390625
1188,134715.828125
1189,237206.703125
1190,142682.625
1191,215120.578125
1192,146675.78125
1193,223039.453125
1194,155335.46875
1195,204664.390625
1196,248340.671875
1197,185717.265625
1198,133156.65625
1199,180879.578125
1200,147134.921875
1201,248813.0625
1202,139240.734375
1203,151377.890625
1204,214115.828125
1205,150112.578125
1206,198471.84375
1207,156460.3125
1208,149214.296875
1209,142682.015625
1210,153355.671875
1211,142124.109375
1212,153372.765625
1213,187665.453125
1214,225666.90625
1215,124700.3203125
1216,223920.53125
1217,210962.65625
1218,183250.0625
1219,199223.921875
1220,191472.109375
1221,146505.171875
1222,190458.453125
1223,260421.828125
1224,193661.796875
1225,159450.078125
1226,158078.34375
1227,299319.75
1228,151728.984375
1229,132525.21875
1230,134800.3125
1231,249183.546875
1232,147490.390625
1233,189272.21875
1234,158396.546875
1235,233801.765625
1236,133463.40625
1237,166208.265625
1238,146728.203125
1239,162363.6875
1240,103081.2734375
1241,158239.46875
1242,130469.2734375
1243,145525.40625
1244,190877.328125
1245,130875.875
1246,128837.484375
1247,170328.796875
1248,111251.7265625
1249,123755.3515625
1250,126629.9140625
1251,182932.734375
1252,182246.125
1253,223731.3125
1254,174982.328125
1255,172143.46875
1256,153232.453125
1257,237951.765625
1258,149996.0625
1259,214726.765625
1260,152775.25
1261,213905.875
1262,162939.609375
1263,157373.65625
1264,186034.3125
1265,161832.125
1266,204552.921875
1267,140181.015625
1268,194351.328125
1269,191479.328125
1270,153615.609375
1271,173283.734375
1272,137202.078125
1273,175998.296875
1274,117665.1328125
1275,203656
1276,168524.03125
1277,218004.828125
1278,143067.140625
1279,177358.5625
1280,175371.5
1281,201634.296875
1282,194169.171875
1283,145236.109375
1284,165888.96875
1285,179793.421875
1286,195233.015625
1287,160780.5625
1288,176179.703125
1289,140363.796875
1290,157775.46875
1291,203218.1875
1292,134957.921875
1293,105154.1953125
1294,212239.359375
1295,147441.5
1296,147985.53125
1297,107335.9609375
1298,143586.859375
1299,142429.5625
1300,146244.75
1301,142101.5
1302,110865.953125
1303,191917.046875
1304,139346.703125
1305,171804.796875
1306,132666.21875
1307,162065.25
1308,178553.515625
1309,210510.359375
1310,160490.953125
1311,223371.15625
1312,186690.296875
1313,161009.59375
1314,145684.921875
1315,148387.015625
1316,159887.21875
1317,246692.609375
1318,158199.421875
1319,136709.09375
1320,161715.609375
1321,130973.4765625
1322,140844.8125
1323,143743.03125
1324,161507.28125
1325,165128.5
1326,117370.5390625
1327,183445.109375
1328,209931.34375
1329,163070.546875
1330,252887.859375
1331,111959.0625
1332,206247.90625
1333,302802.4375
1334,199946.1875
1335,203585.375
1336,177857.34375
1337,115933.6015625
1338,166239.390625
1339,246493.140625
1340,103517.640625
1341,147956.203125
1342,184063.375
1343,160144.59375
1344,164327.078125
1345,136731.609375
1346,187489.640625
1347,117983.5859375
1348,175533.34375
1349,149754.015625
1350,128785.0703125
1351,181430.03125
1352,149396.359375
1353,215490.859375
1354,145180.640625
1355,218832.09375
1356,164959.171875
1357,172624.71875
1358,145618.3125
1359,117648.7421875
1360,152479.6875
1361,185411.3125
1362,106688.7265625
1363,216709.453125
1364,302314.9375
1365,158334.84375
1366,160624.296875
1367,196524.546875
1368,168587.109375
1369,231832.921875
1370,147483.375
1371,186161.671875
1372,134218.296875
1373,119699.5859375
1374,133321.03125
1375,149980.640625
1376,128961.6796875
1377,219192.609375
1378,201926.8125
1379,153224.53125
1380,154249.171875
1381,122488.421875
1382,118624.1953125
1383,124634.515625
1384,167244.65625
1385,178189.390625
1386,169176.828125
1387,186327.609375
1388,175176.140625
1389,150430.640625
1390,196002.6875
1391,204418.5625
1392,159544.21875
1393,134421.796875
1394,167905.8125
1395,208189.40625
1396,120078.75
1397,176321.34375
1398,184603.796875
1399,134567.890625
1400,148531.0625
1401,168968.90625
1402,183661.234375
1403,206381.3125
1404,148364.6875
1405,188656.421875
1406,255464.296875
1407,164506.390625
1408,133260.171875
1409,161876.8125
1410,152932.890625
1411,207614.09375
1412,170570.046875
1413,232467.203125
1414,242599.765625
1415,94386.7421875
1416,132849.328125
1417,220666.96875
1418,122612.4453125
1419,217856.34375
1420,150721.921875
1421,165674.734375
1422,179246.046875
1423,263486.6875
1424,185741.46875
1425,157310.984375
1426,158090.234375
1427,126667.8359375
1428,199421.265625
1429,243350.78125
1430,139819.890625
1431,189921.6875
1432,150700.015625
1433,232862.25
1434,116030.28125
1435,203352.421875
1436,168754.65625
1437,149334.21875
1438,218221.140625
1439,168037.109375
1440,164526.671875
1441,181992.921875
1442,207678.921875
1443,173051.78125
1444,139832.71875
1445,221900.515625
1446,208352.875
1447,161896
1448,112962.875
1449,218243.203125
1450,171204.734375
1451,158002.890625
1452,200704.75
1453,187454.1875
1454,169289.671875
1455,209771.171875
1456,151215.9375
1457,137359.9375
1458,137246.21875
1459,193385.140625
1460,114420.9453125
1461,169317.421875
1462,158061.203125
1463,165709.65625
1464,141894.578125
1465,124236.65625
1466,144258.609375
1467,175933.796875
1468,139131.96875
1469,195107.65625
1470,157027.71875
1471,216625.203125
1472,228669.109375
1473,127550.21875
1474,261026.921875
1475,128346.140625
1476,164496.78125
1477,135705.28125
1478,183721.765625
1479,156867.265625
1480,128050.0234375
1481,174447.296875
1482,196455.4375
1483,144735.09375
1484,157718.09375
1485,157399.328125
1486,182155.46875
1487,278467.75
1488,141129.96875
1489,153945.234375
1490,108912.0234375
1491,169978.09375
1492,171414.75
1493,129944.4453125
1494,141242.796875
1495,163342.1875
1496,122949.2578125
1497,227473.9375
1498,221530.9375
1499,163867
1500,119691.3203125
1501,167619.578125
1502,170411.140625
1503,211205.328125
1504,183315.078125
1505,182711.953125
1506,191380.40625
1507,234804.28125
1508,152128.796875
1509,129604.2734375
1510,104479.078125
1511,122153.0859375
1512,199828.421875
1513,183837.875
1514,155730.171875
1515,175311.25
1516,208628.875
1517,160501.1875
1518,154403.578125
1519,144283.015625
1520,155389.078125
1521,242228.140625
1522,232331.671875
1523,178327.375
1524,128481.625
1525,153099.703125
1526,123743.5625
1527,187288.75
1528,192153.828125
1529,284061.625
1530,176456.921875
1531,245777.203125
1532,216708.90625
1533,225587.078125
1534,109213.90625
1535,156164.1875
1536,102754.421875
1537,110819.578125
1538,214015.15625
1539,158950.390625
1540,151056.703125
1541,170607.78125
1542,158367.53125
1543,163348.59375
1544,154691.328125
1545,172538.71875
1546,195412.390625
1547,209089.515625
1548,213774.734375
1549,114648.1796875
1550,181255.5625
1551,156161.859375
1552,174061.015625
1553,121991.1875
1554,134041.984375
1555,213526.046875
1556,173051.4375
1557,170022.765625
1558,142800
1559,219680.75
1560,208580.09375
1561,127712.4140625
1562,242531.046875
1563,204278.84375
1564,110002.8828125
1565,124725.8828125
1566,163335.96875
1567,135570.8125
1568,143525.296875
1569,174616.84375
1570,177686
1571,165824.96875
1572,137935.015625
1573,140297.953125
1574,224229.390625
1575,162796.1875
1576,272271.3125
1577,196430
1578,180276.890625
1579,164182.0625
1580,160712.546875
1581,161644.75
1582,161425.28125
1583,187044.09375
1584,215363.703125
1585,131824.546875
1586,99973.4921875
1587,189384.859375
1588,185329.734375
1589,124676.453125
1590,182494.234375
1591,155786.734375
1592,163420.84375
1593,161198.453125
1594,152699.65625
1595,136893.5625
1596,187617.703125
1597,186608.78125
1598,213901.859375
1599,159701.78125
1600,90261.8125
1601,116758.84375
1602,152210
1603,152207.03125
1604,180082.609375
1605,177578.921875
1606,164685.171875
1607,156677.25
1608,186970.28125
1609,149148.375
1610,133246.953125
1611,167219.9375
1612,160565.75
1613,184619.640625
1614,141563.734375
1615,199677.421875
1616,178682.546875
1617,161772
1618,203503.734375
1619,169267.96875
1620,276675.96875
1621,104951.8359375
1622,295046.75
1623,187305.09375
1624,169183.203125
1625,165942.015625
1626,208792.46875
1627,139282.640625
1628,179076.828125
1629,204898.046875
1630,201930.734375
1631,261558.15625
1632,166076.125
1633,280798.625
1634,165736.9375
1635,192379.65625
1636,136453.703125
1637,240936.875
1638,152258.671875
1639,189746.875
1640,136459.828125
1641,203794.65625
1642,115372.3125
1643,126889.390625
1644,199614.8125
1645,261240.8125
1646,142911.234375
1647,201724.203125
1648,163912.09375
1649,198998.96875
1650,150213.890625
1651,149118.8125
1652,262191.53125
1653,140835.203125
1654,170705.1875
1655,187622.46875
1656,156275.9375
1657,234063.078125
1658,200705.03125
1659,200782.125
1660,213710.96875
1661,152880.96875
1662,148085.734375
1663,239855.59375
1664,162627.328125
1665,189997.5
1666,129067.0859375
1667,148678.828125
1668,177446.078125
1669,152126.296875
1670,150675.46875
1671,126596.4765625
1672,166504.109375
1673,207948
1674,144089.40625
1675,179585.4375
1676,125805.765625
1677,172275.5
1678,164096.828125
1679,168838.609375
1680,156862.140625
1681,163727.390625
1682,147860.46875
1683,138199.84375
1684,181701.171875
1685,188822.4375
1686,180391.65625
1687,138950.5625
1688,192155.5
1689,172952.484375
1690,150425.625
1691,194333.484375
1692,231816.640625
1693,299256.53125
1694,155630.921875
1695,143223.5625
1696,158214
1697,264869.5
1698,189447.6875
1699,292656.125
1700,214123.421875
1701,155482.640625
1702,250998.9375
1703,177493.203125
1704,177177.640625
1705,170911.46875
1706,156943.015625
1707,227947.1875
1708,148537.828125
1709,146504.1875
1710,144920.046875
1711,139014.140625
1712,150684.09375
1713,130944.09375
1714,165480.203125
1715,152844.65625
1716,171810.765625
1717,188957.796875
1718,197122.03125
1719,157142.296875
1720,138974.1875
1721,247467.171875
1722,178512.765625
1723,121815.0546875
1724,168740.984375
1725,143282.75
1726,103242.3125
1727,163311.375
1728,150215.640625
1729,158018.015625
1730,152392.6875
1731,201288.03125
1732,156828.90625
1733,154233.734375
1734,213352.4375
1735,190025.078125
1736,223641.984375
1737,173690.078125
1738,180864.9375
1739,171870.9375
1740,217793.578125
1741,139304.6875
1742,195989.171875
1743,249517.046875
1744,189704.796875
1745,153973.859375
1746,163348.921875
1747,217454.453125
1748,138903.765625
1749,153790.875
1750,109640.3203125
1751,148758.359375
1752,157119.3125
1753,129426.578125
1754,227241.375
1755,183788.265625
1756,225508.734375
1757,172006.109375
1758,169525.96875
1759,167727.140625
1760,248585.875
1761,144703.421875
1762,184177.046875
1763,148417.421875
1764,130216.828125
1765,188223.390625
1766,135664.171875
1767,246879.96875
1768,116353.203125
1769,131896.34375
1770,160464.453125
1771,135744.421875
1772,285525.125
1773,176955.171875
1774,174533.359375
1775,250459.375
1776,154127.921875
1777,167448
1778,203422.5
1779,171416.484375
1780,142402.84375
1781,159353.46875
1782,122504.140625
1783,159123.640625
1784,166340.875
1785,170036.75
1786,136197.78125
1787,316126.0625
1788,151948.078125
1789,192560.5
1790,201865.921875
1791,164871.59375
1792,191200.984375
1793,191427.578125
1794,138472.28125
1795,120697.75
1796,81985.109375
1797,139698.34375
1798,177043.53125
1799,176839
1800,237585.6875
1801,181129.75
1802,178348.046875
1803,161974.578125
1804,173944.015625
1805,169788.3125
1806,123403.5625
1807,151559.703125
1808,121828.6171875
1809,170769.828125
1810,139505.375
1811,175675.828125
1812,160856.34375
1813,147178.546875
1814,135819.015625
1815,273708.90625
1816,132184.171875
1817,117901.3359375
1818,184359.015625
1819,158137.140625
1820,251503.0625
1821,164498.359375
1822,194222.1875
1823,150037.96875
1824,215400.875
1825,196729.90625
1826,260221.703125
1827,164735.5
1828,163297.21875
1829,231999.484375
1830,207412.5
1831,171899.78125
1832,127950.8671875
1833,133784.40625
1834,123404.3515625
1835,278544.21875
1836,207448.890625
1837,251857.140625
1838,98430.078125
1839,174903.453125
1840,146928.78125
1841,157543.96875
1842,249293.953125
1843,172629.078125
1844,186206.5625
1845,243883.65625
1846,276049.9375
1847,150746.9375
1848,100925.4921875
1849,252835.4375
1850,197605.859375
1851,162243.28125
1852,180994.828125
1853,205505.71875
1854,194775.5
1855,123727.7109375
1856,229386.234375
1857,168823.984375
1858,209762.34375
1859,144761.734375
1860,159331.09375
1861,176927.140625
1862,188906.921875
1863,133764.90625
1864,184664.015625
1865,170734.65625
1866,98576.90625
1867,174006.46875
1868,228495.40625
1869,143087.734375
1870,140296.140625
1871,148292.71875
1872,142081.390625
1873,166859.96875
1874,179434.359375
1875,196867.265625
1876,151496.8125
1877,159891.28125
1878,150114.265625
1879,281678.09375
1880,168016.28125
1881,122224.3515625
1882,137524.734375
1883,181891.484375
1884,172973.90625
1885,155988.296875
1886,116695.8359375
1887,157388.234375
1888,205323
1889,98284.609375
1890,162877.359375
1891,190974.3125
1892,242682.515625
1893,192465.28125
1894,129227.5078125
1895,191471.359375
1896,221276.390625
1897,156203.984375
1898,116071.0390625
1899,135168.21875
1900,210128.265625
1901,159743.890625
1902,180559.015625
1903,141512.9375
1904,133483.734375
1905,170475.578125
1906,143327.59375
1907,177166.921875
1908,170017.15625
1909,161021.5625
1910,210556.734375
1911,205182.375
1912,111909.03125
1913,118427.4375
1914,140992.359375
1915,161798.1875
1916,176408.3125
1917,153958.4375
1918,187080.609375
1919,122244.3984375
1920,130633.28125
1921,180492.4375
1922,141965.4375
1923,206831.203125
1924,126978.109375
1925,153399.609375
1926,185869.796875
1927,142190.640625
1928,295145.875
1929,177246.21875
1930,183517.328125
1931,195145.71875
1932,110419.4765625
1933,157425.34375
1934,126956.59375
1935,217020.96875
1936,108328.0703125
1937,201028.515625
1938,135059.859375
1939,112323.9921875
1940,148047.21875
1941,156983.484375
1942,172430.125
1943,144894.875
1944,163974.203125
1945,199474.28125
1946,112555.1953125
1947,170403.421875
1948,122025.3984375
1949,169424.1875
1950,331643.3125
1951,175314.1875
1952,128066.671875
1953,139249.609375
1954,218302.03125
1955,178656.734375
1956,176467.890625
1957,177707.40625
1958,107859.0234375
1959,179540.5
1960,175649.59375
1961,178901.71875
1962,142739.03125
1963,126719.078125
1964,80859.7890625
1965,149824.125
1966,188959.578125
1967,190334.53125
1968,162243.65625
1969,150289.171875
1970,228169.53125
1971,221711.265625
1972,131428.28125
1973,177147.328125
1974,113780.78125
1975,161368.953125
1976,195183.453125
1977,116307.0546875
1978,154533.3125
1979,169792.875
1980,116535.1796875
1981,192947.953125
1982,187887.734375
1983,130396.921875
1984,247422.0625
1985,129790.1171875
1986,195135.40625
1987,159633.453125
1988,166181.25
1989,137417.609375
1990,136559
1991,159205.984375
1992,136374.140625
1993,176520.75
1994,264564.84375
1995,161393.375
1996,213492.359375
1997,155541.921875
1998,175678.953125
1999,225887.03125
2000,279073.1875
2001,271856.21875
2002,120681.375
2003,143058.3125
2004,282901.96875
2005,135742.15625
2006,192393.046875
2007,185260.859375
2008,138667.4375
2009,201347.546875
2010,255600.28125
2011,148104.859375
2012,190494.9375
2013,166807.65625
2014,248129.359375
2015,145861.578125
2016,155224.71875
2017,187294.3125
2018,158293.953125
2019,118392.8125
2020,143451.203125
2021,186929.84375
2022,207358.390625
2023,289445.34375
2024,182167.078125
2025,177581.96875
2026,132014.46875
2027,154103.203125
2028,112675.65625
2029,150700.15625
2030,237241.921875
2031,327827.71875
2032,204233.0625
2033,170977.453125
2034,173197.03125
2035,160910.046875
2036,128821.9453125
2037,127881.65625
2038,129215.2578125
2039,105710.1484375
2040,203081.03125
2041,186361.59375
2042,156375.390625
2043,181615.796875
2044,145054.0625
2045,142094.140625
2046,146490
2047,162178.46875
2048,120872.78125
2049,228359.296875
2050,144913.921875
2051,268405.59375
2052,212078.046875
2053,233505.953125
2054,219515.125
2055,155255.765625
2056,138528.328125
2057,162847.40625
2058,190442.265625
2059,201454.546875
2060,195142.03125
2061,172620.046875
2062,158383.203125
2063,163061.28125
2064,149497.734375
2065,196804.15625
2066,204839.859375
2067,113852.0859375
2068,183597.96875
2069,172672.21875
2070,224913.109375
2071,150344.34375
2072,128331.5703125
2073,145207.125
2074,154014.640625
2075,194332.796875
2076,151969.015625
2077,140567.171875
2078,209856.5625
2079,155775.125
2080,186882.953125
2081,181364.453125
2082,289258.75
2083,211799.390625
2084,201753.703125
2085,203750.8125
2086,155090.1875
2087,158980.578125
2088,213510.15625
2089,123798.3203125
2090,219854.34375
2091,129101.5390625
2092,196824.640625
2093,147059.171875
2094,144982.90625
2095,156570.515625
2096,166609.5
2097,160005.828125
2098,194987.34375
2099,148983.75
2100,217109.125
2101,219619.359375
2102,170720.984375
2103,176643.171875
2104,264513.0625
2105,180636.046875
2106,192846.296875
2107,209140.65625
2108,208526.640625
2109,124364.6015625
2110,164839.453125
2111,139385.328125
2112,124778.109375
2113,248466.09375
2114,134076.234375
2115,218056.8125
2116,147706.234375
2117,145713.859375
2118,182103.890625
2119,135205.40625
2120,135688.46875
2121,133801.015625
2122,195703.328125
2123,175640.671875
2124,278050.1875
2125,108818.015625
2126,205575.578125
2127,219544.25
2128,201993.8125
2129,153810.203125
2130,144313.4375
2131,232850.25
2132,185701.921875
2133,192157.28125
2134,230447.09375
2135,150728.109375
2136,172355.796875
2137,202972
2138,156223.703125
2139,212710.5625
2140,211441.796875
2141,185571.140625
2142,175668.703125
2143,191620.796875
2144,156533.078125
2145,183543.265625
2146,243241.765625
2147,159404.109375
2148,237827.609375
2149,165257.6875
2150,155787.875
2151,180082.265625
2152,205195.625
2153,162048.1875
2154,200691.078125
2155,192253.375
2156,183235.390625
2157,209788.4375
2158,129970.171875
2159,127489.265625
2160,224041.203125
2161,147247.90625
2162,115302.828125
2163,185630.203125
2164,178555.75
2165,171336.65625
2166,156366.734375
2167,199770.921875
2168,248749.3125
2169,172965.671875
2170,224004.609375
2171,184958.875
2172,116038.34375
2173,149682.140625
2174,125630.625
2175,194913.59375
2176,167492.09375
2177,182294.578125
2178,175899.375
2179,184604.015625
2180,141798.515625
2181,187160.53125
2182,197438.21875
2183,180421.78125
2184,115760.078125
2185,245148.78125
2186,160281.21875
2187,170185.890625
2188,167198.171875
2189,185493.15625
2190,152328.109375
2191,132265.4375
2192,225730.96875
2193,140238.875
2194,197153.71875
2195,171147.875
2196,153245.09375
2197,208788.78125
2198,251996.015625
2199,185393.578125
2200,158210.453125
2201,167993.4375
2202,156596.734375
2203,146991.859375
2204,163461.859375
2205,182726.40625
2206,135681.609375
2207,154787.984375
2208,146449.015625
2209,186221.421875
2210,268396.5625
2211,178213.875
2212,144128.1875
2213,215548.078125
2214,179630.65625
2215,175137.5
2216,174472.796875
2217,134848.390625
2218,132179.328125
2219,155872.015625
2220,198983.4375
2221,148175.0625
2222,213617.140625
2223,145463
2224,179704.90625
2225,210716.984375
2226,116647.296875
2227,177609.78125
2228,198115.6875
2229,249713.640625
2230,133778.59375
2231,170784.6875
2232,185781.53125
2233,162787.203125
2234,159942.078125
2235,235468.421875
2236,144760.875
2237,129761.71875
2238,178235.96875
2239,129249.1875
2240,246802.96875
2241,186523.53125
2242,138979.09375
2243,169465.03125
2244,134883.96875
2245,188611.734375
2246,152022.375
2247,219596.1875
2248,215488.640625
2249,146008.5625
2250,164925.46875
2251,119915.875
2252,241742.671875
2253,114090
2254,192664.953125
2255,225490.15625
2256,174365.96875
2257,177243.140625
2258,179938.96875
2259,153416
2260,212158.484375
2261,222654.0625
2262,194072.25
2263,137970.015625
2264,202591.375
2265,188842.40625
2266,178883.625
2267,170398.046875
2268,196952.609375
2269,148555.265625
2270,174346.5625
2271,138151.328125
2272,185673.15625
2273,158697.1875
2274,193502.4375
2275,121442.703125
2276,179247.765625
2277,165542.765625
2278,173229.203125
2279,168130.34375
2280,140013.671875
2281,222244.484375
2282,314234
2283,187543.359375
2284,109581.15625
2285,160496.515625
2286,164516.265625
2287,167417.46875
2288,217342.34375
2289,187427.25
2290,253492.984375
2291,220469.59375
2292,155996.3125
2293,214614.71875
2294,119078.0625
2295,142381.203125
2296,173017.296875
2297,154415.90625
2298,138781.890625
2299,167109.765625
2300,137768.625
2301,260174.15625
2302,230845.09375
2303,192842.96875
2304,187317.359375
2305,188041.453125
2306,172656.453125
2307,186910.453125
2308,128337.453125
2309,229767.859375
2310,208763.046875
2311,214148.828125
2312,194741.34375
2313,119780.078125
2314,182295.140625
2315,116754.921875
2316,210452.46875
2317,202397.109375
2318,140883.609375
2319,176380.828125
2320,124797.28125
2321,144909.828125
2322,123636.796875
2323,182274.328125
2324,175719.609375
2325,289079.78125
2326,198835.765625
2327,178150.015625
2328,210173.875
2329,163217.3125
2330,162037.84375
2331,152844.78125
2332,198628.453125
2333,112922.5625
2334,205752.953125
2335,117944.515625
2336,131123.703125
2337,121359.125
2338,347803.53125
2339,167132.03125
2340,166110.109375
2341,174438.859375
2342,193264.65625
2343,179735.25
2344,223051.75
2345,205573.71875
2346,148536.859375
2347,177066.890625
2348,170951.171875
2349,198591.0625
2350,131483.90625
2351,268467.96875
2352,184164.796875
2353,166445.8125
2354,136964.921875
2355,147848.75
2356,217733.75
2357,130259.546875
2358,148644.78125
2359,122280.53125
2360,214515.1875
2361,183948.125
2362,152864.53125
2363,145261.609375
2364,178667.125
2365,174900.28125
2366,142488.546875
2367,129378.734375
2368,141076.75
2369,176459.421875
2370,198416.046875
2371,118530.3125
2372,156790.8125
2373,141759.125
2374,174826.484375
2375,210972.609375
2376,146875.3125
2377,85322
2378,205478.984375
2379,185735.578125
2380,180930.890625
2381,166576.09375
2382,146151.578125
2383,125714.21875
2384,224770.4375
2385,111055.671875
2386,162688.9375
2387,145668.34375
2388,119753.734375
2389,112736.671875
2390,201756
2391,154631.828125
2392,147539.046875
2393,132024.515625
2394,209063.15625
2395,231050.640625
2396,180307.46875
2397,202099.265625
2398,160741.796875
2399,169630.421875
2400,160718.015625
2401,148898.46875
2402,184825.4375
2403,188254.265625
2404,160731.484375
2405,133668.3125
2406,111473.171875
2407,195424.875
2408,152670.609375
2409,158044.515625
2410,186585.109375
2411,108212.5625
2412,159388.421875
2413,201249.34375
2414,160377.8125
2415,159589.890625
2416,135490.609375
2417,247128.6875
2418,189853.609375
2419,135347.0625
2420,136271.921875
2421,172311.0625
2422,145509.78125
2423,145188.375
2424,171946.328125
2425,187454.265625
2426,160436.75
2427,140250.765625
2428,190850.546875
2429,162412.265625
2430,109054.75
2431,151917.15625
2432,172224.40625
2433,170801.375
2434,201808.3125
2435,131390
2436,214221.125
2437,150503.8125
2438,112814.890625
2439,137966.6875
2440,156389.5625
2441,160866.1875
2442,112117.53125
2443,155710.1875
2444,250083.359375
2445,167947.828125
2446,216356.265625
2447,153680.921875
2448,123037.34375
2449,177415.65625
2450,233767.921875
2451,264464.46875
2452,175642.578125
2453,118303.5
2454,99821.96875
2455,136213.1875
2456,131866.40625
2457,152802.703125
2458,209599.984375
2459,132983.203125
2460,193055.453125
2461,131867.890625
2462,170567.4375
2463,180064.515625
2464,77682.734375
2465,129132.75
2466,153061
2467,120515.15625
2468,178732.53125
2469,151265.078125
2470,184081.0625
2471,216497.25
2472,117921.078125
2473,147094.1875
2474,164763.5625
2475,194306.21875
2476,153798.296875
2477,177220.28125
2478,210579.765625
2479,135523.234375
2480,218924.265625
2481,173231.28125
2482,173548.484375
2483,233777.734375
2484,203518.4375
2485,161877.265625
2486,166854.734375
2487,155363.09375
2488,196845.59375
2489,220143
2490,165442.359375
2491,326166.65625
2492,179655.328125
2493,117465.40625
2494,160310.78125
2495,156481.140625
2496,171518.203125
2497,123218.9375
2498,111867.96875
2499,129704.75
2500,171735
2501,144980.9375
2502,175878.453125
2503,204298.53125
2504,170432.78125
2505,219733.578125
2506,155194.15625
2507,178262.9375
2508,184383.984375
2509,165232.75
2510,203830.171875
2511,107342.5625
2512,149591.21875
2513,147333.765625
2514,152374.578125
2515,153994.9375
2516,257065.546875
2517,250967.234375
2518,147218.171875
2519,174885.65625
2520,171823.6875
2521,151531.78125
2522,247450.25
2523,151882.53125
2524,182261.8125
2525,248850.59375
2526,195334.609375
2527,179106.8125
2528,148406.6875
2529,129970.515625
2530,219285.90625
2531,164627.671875
2532,185023.859375
2533,182259.296875
2534,225777.296875
2535,179367.6875
2536,131605.296875
2537,169882.34375
2538,135337.296875
2539,140912.984375
2540,157785.953125
2541,171544.09375
2542,185450.34375
2543,165883
2544,166001.171875
2545,183232.34375
2546,153717.515625
2547,151666.4375
2548,172571.484375
2549,134003.75
2550,162168.875
2551,129018.421875
2552,165626.65625
2553,175462.6875
2554,112012.890625
2555,153632.109375
2556,152190.625
2557,163417.578125
2558,127059.515625
2559,180782.484375
2560,216210.984375
2561,165438.421875
2562,216071.21875
2563,113553.8046875
2564,130617.875
2565,151179.3125
2566,113216.71875
2567,200749.71875
2568,159940.25
2569,203027.5625
2570,123026.59375
2571,154044.265625
2572,218903.25
2573,107314.2890625
2574,138466.5625
2575,133914.1875
2576,187147.0625
2577,191604.921875
2578,168197.171875
2579,171843.609375
2580,211580.3125
2581,160436.390625
2582,154957.796875
2583,158974.1875
2584,132503.203125
2585,163399.765625
2586,170437.65625
2587,150677.6875
2588,174040.828125
2589,155697.65625
2590,127333.9453125
2591,210120.8125
2592,202473.25
2593,146782.890625
2594,175706.640625
2595,158884.34375
2596,167058.875
2597,181128.6875
2598,135263.3125
2599,206415.9375
2600,129350.734375
2601,145845.25
2602,195597.71875
2603,155073.078125
2604,163456.265625
2605,193717.515625
2606,212800.640625
2607,213691.515625
2608,259698.65625
2609,177381.5
2610,115596.0859375
2611,173504.671875
2612,165618.609375
2613,171392.90625
2614,150212.375
2615,133866.84375
2616,167739.765625
2617,164603.796875
2618,131384.140625
2619,140697.828125
2620,207112.796875
2621,171092.75
2622,248974.84375
2623,212595.09375
2624,134276.609375
2625,269138.65625
2626,112574.71875
2627,179276.53125
2628,181426.3125
2629,190412.25
2630,234144.53125
2631,141883.765625
2632,190440.09375
2633,135637.875
2634,169832.53125
2635,132633.796875
2636,141902.140625
2637,168219.078125
2638,151491.03125
2639,176857.6875
2640,151348.34375
2641,182951.171875
2642,161963.1875
2643,228779.859375
2644,152308.734375
2645,213509.734375
2646,158494.578125
2647,192141.84375
2648,177062.984375
2649,190931.734375
2650,181587.40625
2651,185661
2652,201718.4375
2653,152420.28125
2654,140902.046875
2655,205223.359375
2656,177890.8125
2657,196258.1875
2658,162038.390625
2659,177304.96875
2660,204180.03125
2661,132171.34375
2662,209288.0625
2663,198555.859375
2664,149209.4375
2665,149743.140625
2666,142796.140625
2667,239008.875
2668,146250.390625
2669,124792.1875
2670,136769.25
2671,185503.953125
2672,131583.40625
2673,133804.828125
2674,170426.59375
2675,199010.390625
2676,178485.015625
2677,274803.625
2678,180687.453125
2679,142942.5
2680,195588.3125
2681,142774.90625
2682,102326.4609375
2683,130037.8359375
2684,180029.375
2685,199361.171875
2686,213688.3125
2687,172615.265625
2688,120911.0234375
2689,133608.875
2690,122556.765625
2691,130847.953125
2692,207767.34375
2693,188486.421875
2694,157091.640625
2695,234007.21875
2696,156463.859375
2697,161946.21875
2698,254097.828125
2699,151325.8125
2700,136407.59375
2701,135492.71875
2702,219795.65625
2703,190796.875
2704,225123
2705,134889.5625
2706,160871.140625
2707,154646.390625
2708,147775.640625
2709,240580.46875
2710,128776.453125
2711,210235.953125
2712,185981.203125
2713,173594.75
2714,176240.65625
2715,117868.5
2716,170032.890625
2717,159656.984375
2718,170014.75
2719,206881.09375
2720,140645.53125
2721,189553.671875
2722,192591.265625
2723,168520.03125
2724,193007.25
2725,215508.5625
2726,368788
2727,135801.703125
2728,239584.9375
2729,157211.34375
2730,275912.65625
2731,176442.90625
2732,232418.453125
2733,146894.75
2734,149080.5625
2735,183359.984375
2736,144430.921875
2737,158083.984375
2738,175523.875
2739,139762.15625
2740,174473.40625
2741,132660.859375
2742,117054.59375
2743,161475.484375
2744,199531.296875
2745,192082.84375
2746,173054.5625
2747,207002.671875
2748,141567.84375
2749,191643.71875
2750,121092
2751,187605.3125
2752,122057.390625
2753,164403.25
2754,251383.578125
2755,165965.71875
2756,144036.125
2757,178006.203125
2758,164394.3125
2759,168915.515625
2760,165227.265625
2761,107664.6640625
2762,174665.28125
2763,154435.734375
2764,150662.71875
2765,241467
2766,152120.75
2767,189404.625
2768,166522.796875
2769,178147.359375
2770,174318.484375
2771,178958.953125
2772,165942.078125
2773,131196.46875
2774,113400.703125
2775,176690.25
2776,178952.578125
2777,150671.703125
2778,142539.6875
2779,188223.15625
2780,123657.1171875
2781,127443.3046875
2782,154603.53125
2783,144984.640625
2784,213314.3125
2785,173316.8125
2786,172304.328125
2787,260477.03125
2788,205378.390625
2789,117399.9921875
2790,164306.296875
2791,192231.90625
2792,160647.71875
2793,145662.6875
2794,251245.5625
2795,121886.609375
2796,190747.6875
2797,176662.21875
2798,192655.765625
2799,156808.984375
2800,127735.4375
2801,204468.671875
2802,213883.0625
2803,155581.265625
2804,113712.1875
2805,213574.578125
2806,165789.046875
2807,127635.9921875
2808,140784.359375
2809,157720.140625
2810,233625.34375
2811,195820.859375
2812,181376.578125
2813,239330.875
2814,174159.46875
2815,253905.671875
2816,145851.5625
2817,146922.234375
2818,324743.15625
2819,155429.515625
2820,164457.984375
2821,153007.578125
2822,217001.796875
2823,164427.890625
2824,130679.7265625
2825,122956.4765625
2826,153732.703125
2827,135054.34375
2828,216286.6875
2829,164138.859375
2830,141715.734375
2831,156142.015625
2832,199856.734375
2833,150344.09375
2834,199306
2835,264717
2836,176043.78125
2837,174537.5
2838,141235.34375
2839,132717.859375
2840,183106.25
2841,170443.765625
2842,202473.875
2843,114783.828125
2844,258108.921875
2845,200614.9375
2846,205328.890625
2847,106204.3046875
2848,186911.671875
2849,147131.421875
2850,124351.0546875
2851,189279.6875
2852,187481.34375
2853,160206.171875
2854,288097.96875
2855,161390.71875
2856,232221.71875
2857,133554.6875
2858,166107.8125
2859,173715.53125
2860,172874.46875
2861,154059.6875
2862,203795.421875
2863,248220
2864,188992.5
2865,152993.40625
2866,167626.421875
2867,119991.8046875
2868,143112.515625
2869,164638.75
2870,163107.3125
2871,138325.703125
2872,138539.078125
2873,236172.203125
2874,131171.75
2875,138565.25
2876,149086.828125
2877,164810.53125
2878,243076.0625
2879,118488.09375
2880,149999.734375
2881,228672.671875
2882,234345.015625
2883,121961.703125
2884,207518.65625
2885,214623.453125
2886,202279.109375
2887,141003.21875
2888,149652.8125
2889,139026.046875
2890,156937.5
2891,226117.796875
2892,138205.90625
2893,206607.65625
2894,161621.75
2895,137743.796875
2896,207331.953125
2897,203255.8125
2898,135191.71875
2899,143111.640625
2900,148707.21875
2901,314385.1875
2902,179616.6875
2903,155550.546875
2904,231477.125
2905,135702.484375
2906,200092.171875
2907,193917.59375
2908,201837.890625
2909,165848.71875
2910,153379.546875
2911,190900.1875
2912,206912.515625
2913,156207.0625
2914,241640.71875
2915,170752.34375
2916,127862.84375
2917,176175.25
2918,188228.234375
2919,281463.6875
2920,226423.75
2921,213163.390625
2922,173643.15625
2923,227084
2924,169882.953125
2925,132719.421875
2926,195426.90625
2927,135509.671875
2928,157291.0625
2929,184737.5
2930,225940.71875
2931,161416.171875
2932,220121.578125
2933,140403.171875
2934,226788.90625
2935,207785.765625
2936,148182.296875
2937,159895.84375
2938,226079.65625
2939,164786.953125
2940,173636.921875
2941,161319.59375
2942,193238.90625
2943,214214.65625
2944,166958.09375
2945,163030.171875
2946,143568.984375
2947,163906.25
2948,129303
2949,136685.265625
2950,144505
2951,193994.6875
2952,196230.796875
2953,200215.65625
2954,278783.125
2955,157317.390625
2956,284133.28125
2957,167848.734375
2958,125176.5859375
2959,155912.734375
2960,151211.109375
2961,190904.796875
2962,308411.03125
2963,122052.34375
2964,164940.140625
2965,127074.2421875
2966,159100.96875
2967,281642.46875
2968,151738.265625
2969,148811.734375
2970,211003.9375
2971,199537.421875
2972,185534.15625
2973,170188.46875
2974,196448.453125
2975,173289.921875
2976,166927.234375
2977,180714.703125
2978,140648.75
2979,156652.203125
2980,144175.453125
2981,223100.703125
2982,127742.1796875
2983,134213.765625
2984,131905.015625
2985,162571.609375
2986,134524.9375
2987,132080.4375
2988,145172.546875
2989,153775.421875
2990,142289.796875
2991,137122.828125
2992,174927.46875
2993,238030.734375
2994,176589.609375
2995,120366.5546875
2996,136020.21875
2997,164725.5625
2998,131039.7265625
2999,190934.0625
3000,173020.78125
3001,150403.859375
3002,151129.34375
3003,204667.359375
3004,207353.296875
3005,119578.046875
3006,140026.03125
3007,182116.640625
3008,185475.453125
3009,186805.96875
3010,111882.4921875
3011,113678.8125
3012,300140.375
3013,113662.5078125
3014,205799.78125
3015,175832.40625
3016,173504.984375
3017,156765.078125
3018,203525.28125
3019,127694.625
3020,180731.828125
3021,120770.4921875
3022,144624.484375
3023,146662.140625
3024,140328.796875
3025,117233.34375
3026,145986.453125
3027,152222.6875
3028,150323.203125
3029,158421.765625
3030,255635.65625
3031,261625.640625
3032,127720.296875
3033,113561.09375
3034,204515.546875
3035,105197.71875
3036,171653.828125
3037,138760.546875
3038,163410.71875
3039,153863.65625
3040,195324.75
3041,145862.390625
3042,166004.40625
3043,174014.859375
3044,167386.71875
3045,174962.109375
3046,193649.03125
3047,138459.109375
3048,208912.609375
3049,179502.578125
3050,184139.75
3051,151961.921875
3052,188360.5
3053,156391.34375
3054,184597.578125
3055,216950.296875
3056,163644.234375
3057,214059.015625
3058,183224.984375
3059,220765.953125
3060,131388.15625
3061,174832.359375
3062,240922.21875
3063,189552.96875
3064,136052.9375
3065,134095.40625
3066,141398.65625
3067,217874.125
3068,150366.546875
3069,186602.578125
3070,180447.328125
3071,187885.140625
3072,162096.515625
3073,173804.3125
3074,129136.6875
3075,100130.9140625
3076,141976.9375
3077,115623.953125
3078,131527.828125
3079,134597.8125
3080,148079.84375
3081,184307.453125
3082,231207.390625
3083,232063.59375
3084,222996.921875
3085,128080.2734375
3086,156783.671875
3087,204069.96875
3088,170928.84375
3089,135696.140625
3090,101395.2265625
3091,202334.125
3092,175726.90625
3093,166101.890625
3094,156312.40625
3095,143125.765625
3096,181916.078125
3097,119221.734375
3098,132643.078125
3099,145621.78125
3100,171026.96875
3101,144205.875
3102,129683.4609375
3103,188532.65625
3104,176567.203125
3105,191797.265625
3106,162108.546875
3107,120711.0859375
3108,143813.6875
3109,178517.9375
3110,194036.5
3111,138862.375
3112,252811.390625
3113,183366.171875
3114,139950.46875
3115,154855.515625
3116,182122.859375
3117,177129.640625
3118,121576.5
3119,175023.21875
3120,176595
3121,226986.921875
3122,174776.53125
3123,183681.4375
3124,195817.5625
3125,149544.140625
3126,186895.53125
3127,114160.6171875
3128,173419.703125
3129,190962.90625
3130,185935.6875
3131,161584.875
3132,201593.71875
3133,144678.96875
3134,124766.609375
3135,253378.546875
3136,150755.9375
3137,146636.46875
3138,165953.96875
3139,171762.578125
3140,172930.296875
3141,204017.1875
3142,219817.625
3143,219256.90625
3144,147504.046875
3145,128718.9296875
3146,133166.75
3147,127682.28125
3148,214166.296875
3149,171912.734375
3150,228445.546875
3151,215584.984375
3152,168031.578125
3153,187354.1875
3154,165594.421875
3155,191245.765625
3156,226680.9375
3157,150311.015625
3158,176934.34375
3159,223734.65625
3160,150777.0625
3161,265810.21875
3162,201255.140625
3163,175282.984375
3164,212911.734375
3165,202368.453125
3166,159383.859375
3167,139720.65625
3168,125747.7578125
3169,130570.46875
3170,172273.890625
3171,211793.84375
3172,219658.15625
3173,149745.671875
3174,195720.359375
3175,278719.8125
3176,197907.796875
3177,195322.5625
3178,201955.078125
3179,168855.34375
3180,165668.375
3181,155748.84375
3182,163355.625
3183,307258.90625
3184,185514.375
3185,193002.03125
3186,137738.90625
3187,153312.796875
3188,136477.90625
3189,190447.890625
3190,131212.953125
3191,153875.296875
3192,153267.546875
3193,181185.75
3194,235391.484375
3195,170178.734375
3196,137335.078125
3197,176367.390625
3198,215313.15625
3199,138683.890625
3200,192678.203125
3201,157260.0625
3202,162097.53125
3203,120514.90625
3204,159008.5625
3205,135158.609375
3206,105451.5
3207,167797.90625
3208,161642.109375
3209,182105.515625
3210,174363.265625
3211,149576.71875
3212,194216.78125
3213,178695.015625
3214,166628.78125
3215,240817.0625
3216,206625.375
3217,125847.71875
3218,123838.1484375
3219,126808.40625
3220,178855.078125
3221,183171.53125
3222,145134.671875
3223,185706.265625
3224,132690.84375
3225,161540.390625
3226,247506.125
3227,123147.3203125
3228,267677.1875
3229,150243.09375
3230,173220.65625
3231,151322.390625
3232,149802.546875
3233,166061.609375
3234,175451.0625
3235,168684.28125
3236,169346.328125
3237,175575.390625
3238,147030.375
3239,173368.65625
3240,121815.453125
3241,111617.375
3242,118275.1015625
3243,238081.421875
3244,273980.1875
3245,204210.875
3246,163724.09375
3247,163782.078125
3248,204886.046875
3249,281628.625
3250,194682.140625
3251,120849.7578125
3252,155419.71875
3253,202928.609375
3254,206795.953125
3255,319631.46875
3256,202434.21875
3257,196108.9375
3258,172512.71875
3259,204119.171875
3260,296075.1875
3261,133117.1875
3262,171985.9375
3263,172461.265625
3264,183145.390625
3265,134149.828125
3266,108630.421875
3267,182458.015625
3268,244321.671875
3269,197793.21875
3270,147927.5625
3271,166122.5
3272,144164.859375
3273,220609.4375
3274,193012.34375
3275,173698.984375
3276,147658.34375
3277,207629.421875
3278,188504.15625
3279,215670.546875
3280,191363.265625
3281,171513.6875
3282,185410.84375
3283,132046.046875
3284,183581.828125
3285,154305.84375
3286,144482.296875
3287,196926.609375
3288,155540.828125
3289,215788.828125
3290,172364.671875
3291,145151.421875
3292,166078.640625
3293,153056.453125
3294,133724.6875
3295,182484.328125
3296,157823.078125
3297,185611.015625
3298,173073.46875
3299,127313.796875
3300,139660.28125
3301,245309.4375
3302,148980.078125
3303,156256.890625
3304,169924.265625
3305,150446.453125
3306,190218.53125
3307,203394.484375
3308,174204.28125
3309,252416.109375
3310,150744.171875
3311,180787.328125
3312,166358.984375
3313,166175.265625
3314,238793.625
3315,193464.40625
3316,203655.09375
3317,122307.890625
3318,247210.375
3319,249928.75
3320,144407.84375
3321,119506.1171875
3322,225308.046875
3323,141109.5625
3324,187958.03125
3325,308683.4375
3326,132314.484375
3327,261743.234375
3328,170033.546875
3329,210315.78125
3330,173566.984375
3331,135432.875
3332,147576.640625
3333,174852.125
3334,139435.125
3335,138279.9375
3336,191798.921875
3337,159115.53125
3338,176697.421875
3339,253585.78125
3340,153710.953125
3341,160690.25
3342,167100.578125
3343,134816.796875
3344,205148.359375
3345,132508.359375
3346,207143.296875
3347,222337.03125
3348,134941.3125
3349,212262.40625
3350,161864.46875
3351,112985.5859375
3352,182807.953125
3353,151642.578125
3354,126737.4375
3355,150710.890625
3356,192605.140625
3357,209085.53125
3358,165640.34375
3359,167865.46875
3360,205900.4375
3361,181474.109375
3362,211925.96875
3363,216833.359375
3364,123724.3828125
3365,185002.640625
3366,166770.203125
3367,172680
3368,185416.890625
3369,128355.234375
3370,97657.296875
3371,248577.609375
3372,155968.828125
3373,101627.453125
3374,180293.75
3375,196771.265625
3376,152658.40625
3377,135390.515625
3378,183704.765625
3379,98202.453125
3380,163253.921875
3381,194754.015625
3382,243657.046875
3383,121222.8671875
3384,206401.6875
3385,120204.015625
3386,103392.4921875
3387,158788.375
3388,181669.859375
3389,177646.140625
3390,111933.15625
3391,121313.125
3392,181794.5
3393,165595.984375
3394,177129.703125
3395,133020.53125
3396,198086.40625
3397,165930.15625
3398,126475.2265625
3399,180385.6875
3400,156372.28125
3401,150566.484375
3402,226897.078125
3403,174382.53125
3404,162198.40625
3405,160577.0625
3406,162239.953125
3407,254195.46875
3408,169762.0625
3409,301147.375
3410,153780.71875
3411,200612.40625
3412,180330.9375
3413,170180.46875
3414,186265.109375
3415,155297.96875
3416,157311.765625
3417,165447.4375
3418,154703.859375
3419,164799.734375
3420,189802.234375
3421,161856.265625
3422,193769.21875
3423,182054.125
3424,126565.2421875
3425,173130.171875
3426,181717.90625
3427,167053.265625
3428,193409.84375
3429,142459.71875
3430,176460.5
3431,165439.625
3432,209426.734375
3433,174732.859375
3434,122426.1875
3435,171558.953125
3436,100108.953125
3437,177652.96875
3438,195771.078125
3439,126704.3984375
3440,161048.609375
3441,209568.03125
3442,118621.765625
3443,277185.875
3444,189217.15625
3445,238139.125
3446,159782.171875
3447,129047.4453125
3448,192716.46875
3449,144124.484375
3450,135853.828125
3451,192969.890625
3452,146890.28125
3453,131238.640625
3454,220870.328125
3455,198523.0625
3456,204591.109375
3457,114611.546875
3458,147339.75
3459,165997.390625
3460,133029.875
3461,184488.328125
3462,170283.953125
3463,143714.6875
3464,193782.46875
3465,177623.25
3466,169970.140625
3467,147818.125
3468,136426.421875
3469,119414.96875
3470,223334.390625
3471,218990.5
3472,206870.796875
3473,136452.921875
3474,123256.03125
3475,139497.28125
3476,130296.765625
3477,213398.21875
3478,123154.3046875
3479,280277.25
3480,178504.5625
3481,155477.609375
3482,122723.390625
3483,187780.25
3484,209682.015625
3485,136622.484375
3486,128223.6015625
3487,179738.109375
3488,172025.015625
3489,175217.84375
3490,156460.328125
3491,119001.515625
3492,222092.828125
3493,197398.46875
3494,220617.890625
3495,155292.859375
3496,214936.5625
3497,191420.328125
3498,115579.828125
3499,175802.890625
3500,140824.984375
3501,147964.46875
3502,187385.734375
3503,186537.71875
3504,186465.765625
3505,155065.890625
3506,193762.75
3507,154515.65625
3508,220855.71875
3509,136304.546875
3510,122737.53125
3511,160146.75
3512,103783.2265625
3513,159113.40625
3514,192967.265625
3515,191751.046875
3516,165737.453125
3517,169509.53125
3518,170088.890625
3519,174292.296875
3520,198169.234375
3521,201552.328125
3522,194189.921875
3523,115598.265625
3524,174209.078125
3525,200776.984375
3526,125962.5390625
3527,113962.4375
3528,291489.6875
3529,156987.53125
3530,184730.828125
3531,177293.953125
3532,178145.09375
3533,184788.890625
3534,188983.484375
3535,156380.1875
3536,133516.046875
3537,134390.34375
3538,150563.5625
3539,173872.46875
3540,234509.3125
3541,130742.5859375
3542,178141.703125
3543,207624.40625
3544,153614.578125
3545,181432.453125
3546,158702.03125
3547,171343.140625
3548,199786.453125
3549,290902
3550,136250.234375
3551,156905.203125
3552,158882.09375
3553,197549.09375
3554,235818.21875
3555,136366.09375
3556,152527.484375
3557,193252
3558,111870.828125
3559,157268.65625
3560,147455.25
3561,135320.296875
3562,155680.84375
3563,194971.953125
3564,120966.0078125
3565,138274.53125
3566,180210.90625
3567,108023.8125
3568,140792.796875
3569,150226.734375
3570,181705.734375
3571,176270.90625
3572,200229.921875
3573,152430.265625
3574,141969.640625
3575,138292.359375
3576,164035.21875
3577,161029.015625
3578,262020.609375
3579,187022.78125
3580,228398.28125
3581,171357.484375
3582,207486.53125
3583,207647.625
3584,160579.515625
3585,141858.90625
3586,157683.171875
3587,184706.625
3588,108115.9140625
3589,262715.96875
3590,212588
3591,143846.375
3592,170709.828125
3593,139820.8125
3594,149746.328125
3595,188388.21875
3596,271219.9375
3597,165978
3598,259083.640625
3599,108356.234375
3600,140507.078125
3601,161630.25
3602,143561.65625
3603,219457.71875
3604,146324.671875
3605,248134.765625
3606,102658.203125
3607,240108.40625
3608,152202.171875
3609,177298.5
3610,204174.25
3611,217595.15625
3612,188997.65625
3613,167857.46875
3614,157747.53125
3615,223842.296875
3616,188995.703125
3617,120153.984375
3618,192719.3125
3619,139730.171875
3620,192117.46875
3621,169682.328125
3622,224635.640625
3623,200977.921875
3624,190946.84375
3625,150888.125
3626,131336.375
3627,141120.90625
3628,171969.71875
3629,165074.90625
3630,136826.65625
3631,141104.109375
3632,166141.984375
3633,182324.453125
3634,149449.109375
3635,205765.4375
3636,112779.15625
3637,142570.375
3638,139581.25
3639,148817.1875
3640,142370.140625
3641,175918.640625
3642,121678.609375
3643,188036.34375
3644,152301.78125
3645,238722.515625
3646,129625.0703125
3647,217998.34375
3648,146453.421875
3649,120240.9921875
3650,155012.59375
3651,150260.140625
3652,140504.1875
3653,166851
3654,140539.046875
3655,223087.546875
3656,136827.296875
3657,225699.625
3658,112430.875
3659,258417.390625
3660,192976.734375
3661,133175.703125
3662,184366.4375
3663,138803.828125
3664,187123.828125
3665,229249.34375
3666,181092.5625
3667,150259.359375
3668,183872.984375
3669,156257.578125
3670,215576.375
3671,235708.359375
3672,175452.328125
3673,134437.296875
3674,168823.546875
3675,148059.328125
3676,186387.9375
3677,187130.890625
3678,243228.984375
3679,191039.109375
3680,163142.1875
3681,174675.125
3682,157943.765625
3683,152176.296875
3684,136721.375
3685,259875.609375
3686,148413.9375
3687,122443.6953125
3688,246227.84375
3689,156126.625
3690,114233.0546875
3691,205790.046875
3692,163079.484375
3693,150705.84375
3694,260222.125
3695,102131.8515625
3696,150440.171875
3697,194892.46875
3698,177732.53125
3699,223905.828125
3700,155656.5
3701,171612.75
3702,172227.28125
3703,244830.359375
3704,133538.75
3705,181918.25
3706,158434.484375
3707,187828.96875
3708,115018.0078125
3709,138890.5
3710,165166.859375
3711,290754.3125
3712,124915.484375
3713,151705.40625
3714,139517.078125
3715,259609.421875
3716,134089.28125
3717,158334.21875
3718,243523.734375
3719,164322.75
3720,132485.703125
3721,158465.671875
3722,235915.875
3723,152619.921875
3724,185537.15625
3725,127044.46875
3726,172275.59375
3727,142397.734375
3728,181380.203125
3729,141093.65625
3730,200356.546875
3731,102634.765625
3732,174485.671875
3733,153891.34375
3734,182905.40625
3735,155313.75
3736,219637.40625
3737,133041.5625
3738,161545.5625
3739,123889.03125
3740,179752.578125
3741,143157.21875
3742,208497.6875
3743,196892.6875
3744,167115.1875
3745,154554.484375
3746,223037.515625
3747,283875.71875
3748,148277.046875
3749,155014.75
3750,240857.4375
3751,187089.5
3752,206892.828125
3753,169033.15625
3754,219962.40625
3755,169803.421875
3756,232847.453125
3757,200944.34375
3758,200095.78125
3759,197683.140625
3760,191824.265625
3761,180271.53125
3762,151730.75
3763,151493.015625
3764,129736.84375
3765,147458.8125
3766,232182.421875
3767,220689.171875
3768,145199.671875
3769,123633.9140625
3770,118634.8984375
3771,173205.125
3772,185943.671875
3773,133953.15625
3774,196260.46875
3775,144368.96875
3776,278904.8125
3777,158799.203125
3778,131845.140625
3779,225067.859375
3780,128429.7109375
3781,226305.53125
3782,119978.1796875
3783,165660.71875
3784,102799.6875
3785,277714.53125
3786,154657.890625
3787,235277.21875
3788,137154.078125
3789,192366.46875
3790,156764.453125
3791,135960.4375
3792,169906.078125
3793,150377.484375
3794,171087.828125
3795,150541.78125
3796,159216.25
3797,145166.15625
3798,204105.203125
3799,132861.765625
3800,250199.046875
3801,171335.109375
3802,123862.90625
3803,236926.875
3804,179153.6875
3805,159335.78125
3806,226217.1875
3807,133370.484375
3808,131363.09375
3809,194477.5
3810,197267.625
3811,175769.375
3812,156269.328125
3813,152345.453125
3814,136706.34375
3815,125321.03125
3816,138699.15625
3817,175465.109375
3818,132314.28125
3819,102233.6640625
3820,175078.28125
3821,164226.703125
3822,96811.375
3823,158074.53125
3824,164452.921875
3825,154481.15625
3826,191485.53125
3827,155135.609375
3828,150667.453125
3829,226805.578125
3830,173746.59375
3831,142966.046875
3832,130674.21875
3833,169717.109375
3834,224172.1875
3835,240167.578125
3836,169055.796875
3837,156804.984375
3838,159514.703125
3839,149038.15625
3840,155394.03125
3841,204951.59375
3842,148446.6875
3843,133842.234375
3844,143299.3125
3845,263828.90625
3846,121329.578125
3847,187508.15625
3848,205550.53125
3849,161812.9375
3850,151487.53125
3851,119644.6796875
3852,175943.671875
3853,137363.34375
3854,159696.015625
3855,212516.09375
3856,141660.921875
3857,157760.765625
3858,182331.46875
3859,229691.765625
3860,215575.09375
3861,173985.03125
3862,169927.109375
3863,135485.953125
3864,117700.0625
3865,160321.796875
3866,243063.734375
3867,261288.3125
3868,103259.484375
3869,225084.484375
3870,147753.765625
3871,192517.546875
3872,226459.890625
3873,180566.171875
3874,207205.078125
3875,164901.703125
3876,205460.984375
3877,167761.203125
3878,192524.46875
3879,108375.53125
3880,168247.375
3881,155095.875
3882,197931.21875
3883,214023.671875
3884,162610.390625
3885,117368.515625
3886,174127.5
3887,195053.71875
3888,206592.3125
3889,140527.515625
3890,180986.609375
3891,209205.25
3892,122911.65625
3893,166929.28125
3894,240037.03125
3895,210165.40625
3896,151611.375
3897,149290.234375
3898,187588.859375
3899,131151
3900,136679.203125
3901,182231.921875
3902,234913.65625
3903,174409.09375
3904,161765.953125
3905,131922.015625
3906,160328.625
3907,121025.65625
3908,189512.1875
3909,163512.765625
3910,161366.875
3911,208029.109375
3912,182172.03125
3913,122668.1875
3914,108694.640625
3915,133071.046875
3916,145792.234375
3917,146508.21875
3918,244033.34375
3919,203478.265625
3920,242182.1875
3921,137867.90625
3922,165607.015625
3923,116431.2890625
3924,183716.859375
3925,93235.1328125
3926,159146.828125
3927,168490.953125
3928,184452.375
3929,147547.734375
3930,121397.4140625
3931,132694.734375
3932,173508.390625
3933,230347.296875
3934,298662.46875
3935,197768.09375
3936,119275.546875
3937,135746.21875
3938,208497.015625
3939,185885.890625
3940,192724.1875
3941,143327.234375
3942,162767.375
3943,148298.796875
3944,108072.015625
3945,145182.5625
3946,216044.671875
3947,178779.359375
3948,216120
3949,150337.671875
3950,159114.71875
3951,213890.5625
3952,190711.140625
3953,176141.359375
3954,148313.796875
3955,181749.9375
3956,156316.65625
3957,228983.609375
3958,224728.546875
3959,192491.859375
3960,131191.75
3961,209503.4375
3962,164926.75
3963,182611.9375
3964,130549.296875
3965,158763.421875
3966,192160.78125
3967,184910.578125
3968,194219.734375
3969,156222.53125
3970,131120.109375
3971,166240.4375
3972,133020.328125
3973,166643.1875
3974,163623.765625
3975,179305.59375
3976,180777.6875
3977,174461.828125
3978,258788.625
3979,205249.75
3980,168705.828125
3981,173060.9375
3982,177075.890625
3983,131087.234375
3984,252490.203125
3985,113710.234375
3986,165851.59375
3987,250987.328125
3988,137163.625
3989,176216.453125
3990,162411.859375
3991,198011.3125
3992,264223.40625
3993,177272.0625
3994,156661.296875
3995,245994.53125
3996,199149.9375
3997,163798.5
3998,144773.921875
3999,150493.015625
4000,176561.484375
4001,180010.6875
4002,155241.34375
4003,221553.578125
4004,262024.25
4005,216877.78125
4006,144642.859375
4007,185062.6875
4008,216161.15625
4009,171607.65625
4010,145356.90625
4011,183891.234375
4012,171825.328125
4013,160332.5625
4014,122239.7734375
4015,161385.0625
4016,180034.09375
4017,121365.90625
4018,153521.125
4019,162969.59375
4020,161439.640625
4021,128003.375
4022,160688.34375
4023,213676.703125
4024,289924.75
4025,191674.421875
4026,168037.5625
4027,276315.53125
4028,279208.8125
4029,207518.40625
4030,152446.15625
4031,176926.15625
4032,223358.796875
4033,245661.703125
4034,113230.484375
4035,120349.2578125
4036,160518
4037,139277.59375
4038,163929.40625
4039,246263.515625
4040,140261.140625
4041,194904.140625
4042,151382.671875
4043,166700.4375
4044,183159.953125
4045,144032.984375
4046,135246.78125
4047,173934.140625
4048,179108.75
4049,150361.1875
4050,151272.703125
4051,167460.203125
4052,181320.734375
4053,128791.78125
4054,195604.125
4055,185779.59375
4056,150323.078125
4057,166440.265625
4058,199424.328125
4059,217022.890625
4060,212840.609375
4061,149185.84375
4062,94664.625
4063,239188.78125
4064,125177.828125
4065,195307.9375
4066,132042.34375
4067,132189.59375
4068,136350.34375
4069,170878.0625
4070,137446.984375
4071,216678.296875
4072,138381
4073,125987.0625
4074,243725.65625
4075,216563.21875
4076,208504.171875
4077,175994.78125
4078,205720.234375
4079,239095.609375
4080,173581.25
4081,153225.84375
4082,126425.0546875
4083,137386.359375
4084,112528.203125
4085,276042.625
4086,181472.0625
4087,164955.171875
4088,210839.75
4089,138574.828125
4090,145643.40625
4091,229618.0625
4092,147129.84375
4093,117257.8125
4094,144953.234375
4095,216585.171875
4096,185905.953125
4097,113444.7109375
4098,170680.4375
4099,160043.203125
4100,238774.234375
4101,154450.859375
4102,234797.390625
4103,157737
4104,167162.84375
4105,152614.6875
4106,167682.328125
4107,156954.515625
4108,169547.859375
4109,127855.59375
4110,148036.671875
4111,206551.0625
4112,194796.65625
4113,224302.921875
4114,133745.40625
4115,112381.7578125
4116,145241.984375
4117,207644.75
4118,158781.359375
4119,166832.03125
4120,233247
4121,159844.671875
4122,162959.875
4123,192556.625
4124,144994.875
4125,123151.3125
4126,125081.5
4127,156446.1875
4128,226966.25
4129,143709.75
4130,91915.0234375
4131,129725.015625
4132,155170.125
4133,180370.90625
4134,117956.5234375
4135,131509.9375
4136,173454.015625
4137,177920.21875
4138,112716.1953125
4139,106156.34375
4140,126684.7578125
4141,188136.921875
4142,181520.53125
4143,181763.359375
4144,155562.65625
4145,155681.59375
4146,192233.515625
4147,151620.296875
4148,194152.53125
4149,169223.9375
4150,221465.765625
4151,161401.6875
4152,159576.90625
4153,196289.9375
4154,203241.046875
4155,247041.609375
4156,163473.9375
4157,163381.578125
4158,136580.40625
4159,235453.65625
4160,213136.171875
4161,226201.90625
4162,226484.484375
4163,160617.203125
4164,109806.890625
4165,137303.421875
4166,270327.21875
4167,210799.328125
4168,137983.71875
4169,181816.59375
4170,166065.515625
4171,175355.71875
4172,152243.75
4173,146896.34375
4174,167903.203125
4175,195835.34375
4176,208905.359375
4177,152465.671875
4178,260818.625
4179,171297.40625
4180,140419.28125
4181,135294.484375
4182,128140.78125
4183,126116.34375
4184,168071.890625
4185,199906.71875
4186,146457.859375
4187,169940.609375
4188,237378.859375
4189,117776.6875
4190,130219.78125
4191,142253.328125
4192,189537.953125
4193,162924.765625
4194,172834.421875
4195,212982.671875
4196,162409.78125
4197,149398.8125
4198,222311.171875
4199,274696.875
4200,184795.390625
4201,182170.46875
4202,155123.203125
4203,214879.75
4204,168765.5625
4205,129805.7890625
4206,137916.21875
4207,205449.859375
4208,146251.859375
4209,172112.21875
4210,155158.59375
4211,175232.53125
4212,141652.546875
4213,137029.5
4214,231871.8125
4215,176342.234375
4216,165557.46875
4217,205532.171875
4218,183609.140625
4219,169503.8125
4220,207618.78125
4221,130252
4222,247758.296875
4223,192404.40625
4224,159546.28125
4225,139385.03125
4226,214770.734375
4227,214763.140625
4228,210422.671875
4229,184989.84375
4230,108493.4375
4231,119400.125
4232,173261.78125
4233,147465.5625
4234,193228.84375
4235,161775.671875
4236,141778.984375
4237,196820.140625
4238,225246.34375
4239,141303.890625
4240,236228.140625
4241,188357.296875
4242,270054.5625
4243,313087.34375
4244,279316.375
4245,134141.421875
4246,189006.078125
4247,136657.046875
4248,114679.2265625
4249,252336.703125
4250,185938.125
4251,215908.953125
4252,140830.625
4253,224185.96875
4254,140171.21875
4255,177432.203125
4256,149063.828125
4257,147964.046875
4258,124863.0234375
4259,117282.34375
4260,115590.296875
4261,184443.484375
4262,164759.984375
4263,130797.0625
4264,156211.6875
4265,163711.59375
4266,187616.6875
4267,144132.1875
4268,126853.984375
4269,143030.84375
4270,215867.765625
4271,217191.578125
4272,148874.8125
4273,240913.484375
4274,250019.15625
4275,172769.453125
4276,162360.078125
4277,146016.9375
4278,167613.5
4279,212644.84375
4280,122139.28125
4281,188365.078125
4282,194232.265625
4283,211717.671875
4284,210707.765625
4285,144430.0625
4286,148622.484375
4287,112865.78125
4288,140184.796875
4289,115432.0703125
4290,183584.875
4291,154125.375
4292,212283.171875
4293,260992.703125
4294,129009.4375
4295,149383
4296,185795.28125
4297,281112.59375
4298,143436.9375
4299,238923.015625
4300,325881.6875
4301,169931.171875
4302,176002.765625
4303,163257.8125
4304,131849.1875
4305,298636.53125
4306,264611.0625
4307,126024.484375
4308,161036.515625
4309,135983.859375
4310,108085.71875
4311,166224.21875
4312,166189.09375
4313,127960.09375
4314,208903.75
4315,268878.90625
4316,142753.09375
4317,105434.375
4318,254838.171875
4319,105021.3203125
4320,192655.453125
4321,179415.84375
4322,225131.25
4323,147365.546875
4324,171196.640625
4325,103941.8046875
4326,122595.8046875
4327,214246.890625
4328,176209.75
4329,154493.015625
4330,149387.15625
4331,185607.03125
4332,155719.75
4333,135810.78125
4334,159165.21875
4335,132732.765625
4336,130179.6328125
4337,179924.1875
4338,135649.4375
4339,211233.5625
4340,153353.890625
4341,155804.5625
4342,192933.3125
4343,150626.765625
4344,142330.171875
4345,135553.984375
4346,136198.859375
4347,164169.15625
4348,124049.8828125
4349,166868.53125
4350,140007.625
4351,252462.609375
4352,134082.265625
4353,171269.671875
4354,136755.109375
4355,137380.34375
4356,160278.203125
4357,180015.4375
4358,194446.109375
4359,148273.9375
4360,132692.4375
4361,127808.765625
4362,154208.421875
4363,128147.8671875
4364,235007.03125
4365,158880.234375
4366,159054.953125
4367,137457.53125
4368,177828.265625
4369,169229.53125
4370,144170.625
4371,158121.34375
4372,165850.375
4373,179614.609375
4374,161917.484375
4375,138867.984375
4376,146646.640625
4377,190281.671875
4378,242386.65625
4379,120769.4765625
4380,150125.046875
4381,130586.171875
4382,164430.59375
4383,139705.546875
4384,264477.84375
4385,161767.578125
4386,139549.046875
4387,170283.984375
4388,233958.234375
4389,178200.78125
4390,126073.5625
4391,155100.015625
4392,199738.359375
4393,192194.578125
4394,221650.296875
4395,183128.34375
4396,126179.6875
4397,117414.078125
4398,160836.5
4399,163376.328125
4400,208735.828125
4401,229204.375
4402,239444.796875
4403,158105.328125
4404,205519.9375
4405,133266.078125
4406,203276.859375
4407,184464.078125
4408,179696.234375
4409,272759.90625
4410,141584.984375
4411,141514.625
4412,133536.875
4413,153532.671875
4414,222649.84375
4415,202292.734375
4416,159896.484375
4417,186453.984375
4418,205262.515625
4419,288548.53125
4420,177563.984375
4421,136400.734375
4422,183577.96875
4423,114542.0078125
4424,171934.34375
4425,169898.34375
4426,132692.96875
4427,179768.625
4428,128222.3125
4429,164077.03125
4430,160798.140625
4431,227557.328125
4432,119777.21875
4433,136268.34375
4434,132026.03125
4435,191207.671875
4436,153551.0625
4437,194022.1875
4438,172558.40625
4439,262715.90625
4440,230869.96875
4441,246873.46875
4442,216300.984375
4443,161017.140625
4444,183339.734375
4445,127711.7890625
4446,112492.46875
4447,185850.9375
4448,117770.9375
4449,148002.140625
4450,152526.1875
4451,152137.28125
4452,179670.71875
4453,119651.2109375
4454,162109.34375
4455,134710.453125
4456,191500.96875
4457,160862.671875
4458,133604.359375
4459,148767.515625
4460,227421.34375
4461,181863.96875
4462,234812.390625
4463,121195.0546875
4464,192241.984375
4465,163009.671875
4466,270891.71875
4467,156626.046875
4468,277727.34375
4469,189484.96875
4470,230805.53125
4471,213914.046875
4472,188197.421875
4473,170157.765625
4474,141221.859375
4475,233012.109375
4476,131625.5
4477,277792.9375
4478,160468.421875
4479,140272.59375
4480,162634.90625
4481,196145.5625
4482,223027.171875
4483,165599.828125
4484,122812.171875
4485,164535.046875
4486,140886.65625
4487,152519.65625
4488,172984.1875
4489,164961.125
4490,197777.609375
4491,186522.453125
4492,145740.125
4493,116484.390625
4494,148669.390625
4495,134867.5
4496,137240.5625
4497,165760.0625
4498,136114.015625
4499,144412.703125
4500,285161.125
4501,157985.375
4502,133083.203125
4503,195440.78125
4504,167490.59375
4505,117930.3125
4506,187700.484375
4507,232608.828125
4508,197930.65625
4509,132633.21875
4510,196269.375
4511,174379.515625
4512,139237.140625
4513,178892.03125
4514,131124.0625
4515,161399.109375
4516,161025.015625
4517,345832.40625
4518,173070.421875
4519,165028.203125
4520,134549.578125
4521,156831.71875
4522,149696.203125
4523,179221.4375
4524,136816.828125
4525,225016.140625
4526,181912.953125
4527,244763.390625
4528,107946.6171875
4529,142724.171875
4530,205928.171875
4531,176356.171875
4532,179693.359375
4533,159597.234375
4534,174194.828125
4535,165764.0625
4536,139842.953125
4537,144948.703125
4538,151767.40625
4539,129586.203125
4540,152308.109375
4541,179721.40625
4542,165567.109375
4543,158741.453125
4544,145518.046875
4545,259741.15625
4546,198332.859375
4547,197439.921875
4548,168747.71875
4549,148902.6875
4550,140823.953125
4551,171335.765625
4552,211969.234375
4553,165552.921875
4554,137593.3125
4555,130324.046875
4556,182304.71875
4557,171659.8125
4558,156769.90625
4559,182747.0625
4560,141824.109375
4561,157449.21875
4562,146479.90625
4563,165200.671875
4564,133273.5
4565,192686.9375
4566,158724.046875
4567,195357.859375
4568,185836.59375
4569,188860.234375
4570,140830.078125
4571,261632.390625
4572,225534.578125
4573,164635.15625
4574,153444.046875
4575,169752.453125
4576,162010.828125
4577,151890.3125
4578,193328.890625
4579,201127.171875
4580,189864.96875
4581,146263.234375
4582,139626.828125
4583,231822.078125
4584,113089.84375
4585,152373.953125
4586,121910.0234375
4587,152668.421875
4588,224852.796875
4589,149535.96875
4590,140413.109375
4591,134673.5
4592,213751.8125
4593,136051.234375
4594,154800.78125
4595,134478.265625
4596,132564.453125
4597,165258.5625
4598,147005.078125
4599,99790.9140625
4600,181238.9375
4601,200034.53125
4602,149921.765625
4603,140671.140625
4604,143356.640625
4605,212808.515625
4606,176007.96875
4607,132793.4375
4608,156048.21875
4609,183505.59375
4610,177103.234375
4611,179827.125
4612,217093.125
4613,199471.765625
4614,157765.3125
4615,195203.859375
4616,227140.953125
4617,192514.953125
4618,144843.3125
4619,170560.875
4620,194647.734375
4621,162913.78125
4622,188932.171875
4623,147371.6875
4624,127151.1328125
4625,159740.640625
4626,120050.203125
4627,154477.3125
4628,161809.671875
4629,204446.3125
4630,123917.375
4631,185959.53125
4632,197898.15625
4633,179980.703125
4634,169018.859375
4635,151468.8125
4636,188826.328125
4637,143208.390625
4638,141085.0625
4639,162050.984375
4640,172468.109375
4641,148890.6875
4642,190153.296875
4643,117342.3984375
4644,109263.796875
4645,169004.390625
4646,238569.046875
4647,201425.28125
4648,118864.8515625
4649,220089.375
4650,155374.734375
4651,146580.953125
4652,122085.125
4653,180448.046875
4654,150932.1875
4655,140879.53125
4656,116062.28125
4657,206799.46875
4658,148244.234375
4659,175414.390625
4660,196321.609375
4661,137011.8125
4662,138607.65625
4663,172713.6875
4664,205341.734375
4665,170151.0625
4666,173569.796875
4667,190203.09375
4668,158938.953125
4669,138373.375
4670,151117.921875
4671,158970.375
4672,200122.90625
4673,97442.7890625
4674,196908.578125
4675,128394.3359375
4676,236032.328125
4677,131380.21875
4678,181565.65625
4679,172137.46875
4680,305133.03125
4681,116040.8125
4682,193444.859375
4683,167937.75
4684,158664.90625
4685,213122.28125
4686,130489.4296875
4687,227758.0625
4688,199622.171875
4689,169385.53125
4690,171769.578125
4691,296555.03125
4692,185221.09375
4693,174192.53125
4694,206333.953125
4695,164296.6875
4696,204849.296875
4697,156436.21875
4698,152876.484375
4699,195043.65625
4700,142016.78125
4701,156942.59375
4702,156316.65625
4703,166283.28125
4704,193882.421875
4705,102685.3828125
4706,104151.1875
4707,179394.8125
4708,154963.546875
4709,132597.078125
4710,155235.21875
4711,136526.59375
4712,148306.828125
4713,169575.8125
4714,168639.484375
4715,129166.15625
4716,151699.90625
4717,117058.328125
4718,121903.2109375
4719,153357.6875
4720,227770.4375
4721,162204.890625
4722,168747.1875
4723,144120.578125
4724,189269.515625
4725,189417.921875
4726,122786.765625
4727,165274.40625
4728,141161.75
4729,160567.578125
4730,146299.5625
4731,140256.8125
4732,230185.296875
4733,150984.75
4734,162224.046875
4735,160320.453125
4736,184270.890625
4737,137541.046875
4738,163968.3125
4739,127458.8359375
4740,277436.4375
4741,155426.53125
4742,119808.3125
4743,277478.34375
4744,164801.484375
4745,154665.703125
4746,138839.703125
4747,197326.609375
4748,139973.75
4749,164682.671875
4750,181725.09375
4751,138200.578125
4752,165850.453125
4753,180516.1875
4754,138546.234375
4755,149688.828125
4756,167064.171875
4757,243286.75
4758,151446.328125
4759,155599.28125
4760,120761.03125
4761,161207.5625
4762,147977.84375
4763,251391.171875
4764,155577.0625
4765,162334.09375
4766,191479.9375
4767,176347.328125
4768,200668.84375
4769,163405.71875
4770,158358.1875
4771,175853.609375
4772,146267.5
4773,144685.640625
4774,162585.40625
4775,156541.5
4776,136379.34375
4777,190457.5
4778,202289.6875
4779,188499.359375
4780,160863.59375
4781,140968.53125
4782,184781.125
4783,277549.125
4784,152754.25
4785,105777.4765625
4786,224922.734375
4787,158213.28125
4788,150987.375
4789,165279.4375
4790,137370.5
4791,120716.7734375
4792,156370.328125
4793,180934.59375
4794,127973.875
4795,203525.984375
4796,126649.5078125
4797,215487.921875
4798,126186.71875
4799,138581.59375
4800,158102.578125
4801,149536.21875
4802,159095.265625
4803,146227.9375
4804,179617.828125
4805,215047.796875
4806,174200.328125
4807,147704.28125
4808,183715.109375
4809,155763.890625
4810,143865.703125
4811,144028.8125
4812,153946.140625
4813,227127
4814,155525.671875
4815,154946.53125
4816,152823.1875
4817,209829.25
4818,244478.609375
4819,162911.109375
4820,188409.453125
4821,231054.84375
4822,146132.21875
4823,163071.625
4824,129905.03125
4825,190462.1875
4826,159539.359375
4827,172105.5625
4828,173774.25
4829,182292.90625
4830,128519.53125
4831,156735.90625
4832,172665.265625
4833,147434.03125
4834,128757.7734375
4835,173065.109375
4836,138167.5
4837,151093.71875
4838,130564.7421875
4839,174867.515625
4840,259958.421875
4841,181628.8125
4842,161064.125
4843,140886.640625
4844,243960.765625
4845,179335.078125
4846,180774.921875
4847,180120.171875
4848,163806.734375
4849,187995.28125
4850,155674.640625
4851,189928.8125
4852,169889.171875
4853,171467.609375
4854,187345.71875
4855,155481.375
4856,188525.390625
4857,154400.9375
4858,270448
4859,152878.484375
4860,127457.5234375
4861,171472.65625
4862,162724.84375
4863,190012.4375
4864,125256.625
4865,157572.875
4866,203456.28125
4867,152868.265625
4868,208968.265625
4869,130452.53125
4870,163528.171875
4871,173510.34375
4872,208340.640625
4873,147269.453125
4874,137100.484375
4875,112253.9375
4876,144996.609375
4877,200808.09375
4878,136646.453125
4879,118912.9453125
4880,160032.171875
4881,136418.53125
4882,144811.8125
4883,179418.4375
4884,217830.59375
4885,190411.734375
4886,127857.2578125
4887,190045.859375
4888,195217.421875
4889,145755.078125
4890,176302.609375
4891,180393.03125
4892,182578.03125
4893,153953.3125
4894,168523.453125
4895,154522.78125
4896,148478.953125
4897,146600.109375
4898,203162.609375
4899,172548.890625
4900,162059.046875
4901,194784.984375
4902,177664.125
4903,145879.375
4904,222476.640625
4905,221064.65625
4906,202922.984375
4907,188144.75
4908,186730.6875
4909,153732.375
4910,220031.6875
4911,126619.8984375
4912,158796.65625
4913,176040.015625
4914,130449.03125
4915,243256.609375
4916,227439.703125
4917,175955.953125
4918,221445.140625
4919,157098.578125
4920,122988.3046875
4921,227661.203125
4922,180100.1875
4923,150398.609375
4924,113281.8046875
4925,174768.75
4926,199275.5625
4927,182302.609375
4928,233421.140625
4929,167035
4930,129206.4765625
4931,156054.9375
4932,120162.3984375
4933,206247.46875
4934,296131.28125
4935,208975.109375
4936,150463.25
4937,190515.796875
4938,176201.546875
4939,132766.890625
4940,188651.296875
4941,158670.421875
4942,128568.203125
4943,100290.2734375
4944,201593.984375
4945,215233.40625
4946,148882.0625
4947,109535.3203125
4948,265496.75
4949,195661.1875
4950,150368.875
4951,202943.5
4952,153655.59375
4953,198311.65625
4954,143514.625
4955,157498.390625
4956,136703.28125
4957,196897.25
4958,155217.53125
4959,126554.15625
4960,188441.203125
4961,183275.1875
4962,220829.796875
4963,245865.5625
4964,182224.375
4965,195988.28125
4966,175618.4375
4967,193087.53125
4968,204037.53125
4969,181657.375
4970,152314.859375
4971,133202.234375
4972,168363.890625
4973,127980.9140625
4974,157222.90625
4975,117401.0546875
4976,178973.140625
4977,93425.8203125
4978,159216.46875
4979,143097.75
4980,183059.84375
4981,163877.9375
4982,160475.90625
4983,191111.359375
4984,216648.375
4985,136108.046875
4986,101190.40625
4987,191578.40625
4988,102666.9921875
4989,138678.21875
4990,140292.375
4991,167991.078125
4992,155818.84375
4993,187191.1875
4994,201796.28125
4995,318757.375
4996,228434.203125
4997,200133.109375
